,﻿省份,累计确诊,新增确诊,现有确诊,累计治愈,新增治愈,累计死亡,新增死亡,新增无症状,新增本土确诊
0,广东,62367,1189,10000,52359,993,8,0,0,1171
1,广东,61178,1111,9804,51366,917,8,0,0,1075
2,广东,60067,502,9610,50449,568,8,0,0,846
3,广东,59565,932,9676,49881,789,8,0,0,915
4,广东,58633,1003,9533,49092,837,8,0,0,990
5,广东,57630,1082,9367,48255,877,8,0,0,1065
6,广东,56548,875,9162,47378,1255,8,0,0,857
7,广东,55673,1048,9542,46123,1820,8,0,1817,1044
8,广东,54625,797,10314,44303,1819,8,0,1264,775
9,广东,53828,900,11336,42484,1749,8,0,1468,879
10,广东,52928,762,12185,40735,2004,8,0,1791,735
11,广东,52166,1125,13427,38731,2034,8,0,1819,1115
12,广东,51041,1403,14336,36697,1627,8,0,1989,1391
13,广东,49638,1451,14560,35070,1455,8,0,2713,1437
14,广东,48187,1737,14564,33615,1377,8,0,3200,1719
15,广东,46450,2135,14204,32238,1185,8,0,3421,2120
16,广东,44315,1703,13254,31053,1675,8,0,4816,1686
17,广东,42612,1882,13226,29378,1606,8,0,4785,1868
18,广东,40730,1678,12950,27772,1622,8,0,5053,1666
19,广东,39052,1798,12894,26150,1356,8,0,6010,1782
20,广东,37254,1611,12452,24794,1094,8,0,6315,1599
21,广东,35643,1529,11935,23700,1228,8,0,7236,1518
22,广东,34114,1191,11634,22472,1276,8,0,7725,1168
23,广东,32923,1368,11719,21196,1004,8,0,7761,1347
24,广东,31555,1408,11355,20192,964,8,0,7705,1386
25,广东,30147,1016,10911,19228,840,8,0,7405,991
26,广东,29131,915,10735,18388,991,8,0,7584,892
27,广东,28216,1810,10811,17397,842,8,0,7505,1791
28,广东,26406,883,9843,16555,595,8,0,7951,860
29,广东,25523,816,9555,15960,611,8,0,8241,781
30,广东,24707,1022,9350,15349,569,8,0,8101,984
31,广东,23685,1178,8897,14780,699,8,0,8381,1157
32,广东,22507,1115,8418,14081,484,8,0,8535,1102
33,广东,21392,1358,7787,13597,543,8,0,9110,1338
34,广东,20034,1256,6972,13054,248,8,0,8576,1246
35,广东,18778,588,5964,12806,285,8,0,6215,564
36,广东,18190,605,5661,12521,238,8,0,5047,586
37,广东,17585,726,5294,12283,279,8,0,3941,707
38,广东,16859,742,4847,12004,148,8,0,3541,727
39,广东,16117,769,4253,11856,164,8,0,2996,760
40,广东,15348,569,3648,11692,90,8,0,2461,546
41,广东,14779,514,3169,11602,69,8,0,2507,500
42,广东,14265,608,2724,11533,63,8,0,2611,592
43,广东,13657,331,2179,11470,80,8,0,2330,319
44,广东,13326,234,1928,11390,80,8,0,1882,224
45,广东,13092,273,1774,11310,51,8,0,1330,252
46,广东,12819,228,1552,11259,59,8,0,669,219
47,广东,12591,208,1383,11200,53,8,0,470,195
48,广东,12383,115,1228,11147,45,8,0,356,103
49,广东,12268,136,1158,11102,32,8,0,298,125
50,广东,12132,248,1054,11070,37,8,0,458,242
51,广东,11884,299,843,11033,58,8,0,468,291
52,广东,11585,97,602,10975,42,8,0,195,83
53,广东,11488,77,547,10933,62,8,0,136,63
54,广东,11411,38,532,10871,56,8,0,88,27
55,广东,11373,20,550,10815,42,8,0,84,15
56,广东,11353,51,572,10773,56,8,0,67,45
57,广东,11302,45,577,10717,63,8,0,62,33
58,广东,11257,42,595,10654,73,8,0,70,23
59,广东,11215,41,626,10581,61,8,0,59,32
60,广东,11174,36,646,10520,38,8,0,74,19
61,广东,11138,52,648,10482,48,8,0,62,27
62,广东,11086,40,644,10434,68,8,0,58,26
63,广东,11046,62,672,10366,59,8,0,48,50
64,广东,10984,47,669,10307,61,8,0,61,36
65,广东,10937,41,683,10246,51,8,0,38,23
66,广东,10896,53,693,10195,32,8,0,29,35
67,广东,10843,84,672,10163,36,8,0,29,60
68,广东,10759,68,624,10127,36,8,0,21,53
69,广东,10691,53,592,10091,43,8,0,17,36
70,广东,10638,57,582,10048,41,8,0,11,43
71,广东,10581,65,566,10007,35,8,0,25,38
72,广东,10516,58,536,9972,30,8,0,24,31
73,广东,10458,48,508,9942,21,8,0,21,34
74,广东,10410,57,481,9921,17,8,0,27,47
75,广东,10353,68,441,9904,27,8,0,34,41
76,广东,10285,56,400,9877,13,8,0,27,37
77,广东,10229,52,357,9864,23,8,0,24,34
78,广东,10177,46,328,9841,23,8,0,16,27
79,广东,10131,30,305,9818,24,8,0,24,19
80,广东,10101,46,299,9794,12,8,0,10,17
81,广东,10055,33,265,9782,14,8,0,21,22
82,广东,10022,31,246,9768,26,8,0,15,16
83,广东,9991,39,241,9742,20,8,0,5,18
84,广东,9952,19,222,9722,9,8,0,2,4
85,广东,9933,26,212,9713,28,8,0,5,12
86,广东,9907,26,214,9685,30,8,0,5,7
87,广东,9881,18,218,9655,36,8,0,0,6
88,广东,9863,20,236,9619,32,8,0,0,5
89,广东,9843,16,248,9587,58,8,0,4,2
90,广东,9827,14,290,9529,33,8,0,2,1
91,广东,9813,15,309,9496,64,8,0,2,3
92,广东,9798,15,358,9432,52,8,0,1,0
93,广东,9783,12,395,9380,69,8,0,2,1
94,广东,9771,9,452,9311,57,8,0,1,2
95,广东,9762,18,500,9254,54,8,0,1,3
96,广东,9744,15,536,9200,60,8,0,1,5
97,广东,9729,13,581,9140,65,8,0,4,5
98,广东,9716,17,633,9075,64,8,0,3,6
99,广东,9699,19,680,9011,52,8,0,4,7
100,广东,9680,38,713,8959,36,8,0,11,17
101,广东,9642,34,711,8923,35,8,0,10,15
102,广东,9608,49,712,8888,33,8,0,6,25
103,广东,9559,52,696,8855,24,8,0,28,33
104,广东,9507,33,668,8831,27,8,0,12,24
105,广东,9474,61,662,8804,29,8,0,18,42
106,广东,9413,59,630,8775,31,8,0,17,41
107,广东,9354,83,602,8744,19,8,0,26,61
108,广东,9271,97,538,8725,17,8,0,24,79
109,广东,9174,82,458,8708,37,8,0,40,63
110,广东,9092,71,413,8671,30,8,0,41,55
111,广东,9021,53,372,8641,21,8,0,34,40
112,广东,8968,35,340,8620,29,8,0,21,25
113,广东,8933,35,334,8591,30,8,0,12,24
114,广东,8898,22,329,8561,32,8,0,3,9
115,广东,8876,32,339,8529,22,8,0,4,12
116,广东,8844,21,329,8507,37,8,0,2,6
117,广东,8823,22,345,8470,40,8,0,4,4
118,广东,8801,20,363,8430,31,8,0,2,4
119,广东,8781,30,374,8399,32,8,0,5,17
120,广东,8751,24,376,8367,24,8,0,1,7
121,广东,8727,26,376,8343,20,8,0,11,9
122,广东,8701,18,370,8323,34,8,0,9,18
123,广东,8683,18,386,8289,21,8,0,7,5
124,广东,8665,15,389,8268,16,8,0,1,6
125,广东,8650,13,390,8252,27,8,0,2,3
126,广东,8637,23,404,8225,18,8,0,2,6
127,广东,8614,12,399,8207,24,8,0,8,9
128,广东,8602,27,411,8183,18,8,0,4,12
129,广东,8575,27,402,8165,23,8,0,1,12
130,广东,8548,25,398,8142,23,8,0,11,12
131,广东,8523,41,396,8119,14,8,0,14,15
132,广东,8482,52,369,8105,12,8,0,5,24
133,广东,8430,59,329,8093,18,8,0,7,39
134,广东,8371,41,288,8075,21,8,0,13,24
135,广东,8330,55,268,8054,22,8,0,6,37
136,广东,8275,31,235,8032,15,8,0,5,12
137,广东,8244,22,219,8017,44,8,0,2,11
138,广东,8222,15,241,7973,25,8,0,0,1
139,广东,8207,29,251,7948,27,8,0,0,0
140,广东,8178,19,249,7921,25,8,0,1,0
141,广东,8159,30,255,7896,39,8,0,1,0
142,广东,8129,20,264,7857,25,8,0,1,1
143,广东,8109,10,269,7832,24,8,0,2,1
144,广东,8099,7,283,7808,16,8,0,2,1
145,广东,8092,14,292,7792,29,8,0,3,3
146,广东,8078,14,307,7763,27,8,0,8,4
147,广东,8064,21,320,7736,31,8,0,4,3
148,广东,8043,25,330,7705,36,8,0,17,6
149,广东,8018,30,341,7669,29,8,0,13,11
150,广东,7988,24,340,7640,31,8,0,10,11
151,广东,7964,31,347,7609,16,8,0,9,23
152,广东,7933,43,332,7593,25,8,0,13,10
153,广东,7890,29,314,7568,16,8,0,6,18
154,广东,7861,37,301,7552,10,8,0,8,20
155,广东,7824,14,274,7542,38,8,0,9,5
156,广东,7810,31,298,7504,11,8,0,10,4
157,广东,7779,31,278,7493,14,8,0,9,21
158,广东,7748,25,261,7479,13,8,0,26,15
159,广东,7723,28,249,7466,15,8,0,39,17
160,广东,7695,44,236,7451,5,8,0,11,32
161,广东,7651,25,197,7446,12,8,0,6,16
162,广东,7626,33,184,7434,6,8,0,20,22
163,广东,7593,27,157,7428,12,8,0,15,17
164,广东,7566,28,142,7416,6,8,0,8,17
165,广东,7538,18,120,7410,6,8,0,2,6
166,广东,7520,19,108,7404,9,8,0,4,3
167,广东,7501,7,98,7395,2,8,0,2,2
168,广东,7494,9,93,7393,8,8,0,1,0
169,广东,7485,12,92,7385,9,8,0,2,1
170,广东,7473,10,89,7376,6,8,0,0,1
171,广东,7463,5,85,7370,4,8,0,0,0
172,广东,7458,10,84,7366,9,8,0,1,0
173,广东,7448,2,83,7357,6,8,0,2,0
174,广东,7446,3,87,7351,8,8,0,2,2
175,广东,7443,7,92,7343,6,8,0,2,1
176,广东,7436,5,91,7337,8,8,0,4,1
177,广东,7431,4,94,7329,3,8,0,3,0
178,广东,7427,10,93,7326,3,8,0,4,1
179,广东,7417,14,86,7323,1,8,0,2,5
180,广东,7403,6,73,7322,2,8,0,4,1
181,广东,7397,12,69,7320,2,8,0,3,0
182,广东,7385,8,59,7318,2,8,0,0,1
183,广东,7377,6,53,7316,1,8,0,2,0
184,广东,7371,3,48,7315,0,8,0,0,0
185,广东,7368,1,45,7315,5,8,0,2,0
186,广东,7367,6,49,7310,1,8,0,0,0
187,广东,7361,7,44,7309,5,8,0,0,0
188,广东,7354,6,42,7304,2,8,0,0,0
189,广东,7348,5,38,7302,5,8,0,0,0
190,广东,7343,8,38,7297,3,8,0,0,0
191,广东,7335,3,33,7294,3,8,0,0,0
192,广东,7332,3,33,7291,2,8,0,0,0
193,广东,7329,2,32,7289,1,8,0,0,0
194,广东,7327,3,31,7288,1,8,0,0,0
195,广东,7324,4,29,7287,4,8,0,0,0
196,广东,7320,1,29,7283,2,8,0,0,0
197,广东,7319,3,30,7281,3,8,0,0,0
198,广东,7316,1,30,7278,6,8,0,0,0
199,广东,7315,4,35,7272,2,8,0,0,0
200,广东,7311,4,33,7270,3,8,0,0,0
201,广东,7307,2,32,7267,4,8,0,0,0
202,广东,7305,2,34,7263,4,8,0,0,0
203,广东,7303,2,36,7259,9,8,0,0,0
204,广东,7301,5,43,7250,8,8,0,0,0
205,广东,7296,4,46,7242,5,8,0,0,0
206,广东,7292,1,47,7237,10,8,0,0,0
207,广东,7291,2,56,7227,12,8,0,0,0
208,广东,7289,1,66,7215,6,8,0,0,0
209,广东,7288,4,71,7209,8,8,0,0,0
210,广东,7284,2,75,7201,17,8,0,0,0
211,广东,7282,2,90,7184,15,8,0,0,0
212,广东,7280,1,103,7169,4,8,0,1,0
213,广东,7279,1,106,7165,16,8,0,0,1
214,广东,7278,4,121,7149,13,8,0,2,0
215,广东,7274,3,130,7136,20,8,0,0,3
216,广东,7271,3,147,7116,13,8,0,1,1
217,广东,7268,2,157,7103,7,8,0,1,0
218,广东,7266,2,162,7096,19,8,0,0,0
219,广东,7264,7,179,7077,24,8,0,2,5
220,广东,7257,2,196,7053,15,8,0,0,1
221,广东,7255,8,209,7038,13,8,0,2,4
222,广东,7247,12,214,7025,11,8,0,3,11
223,广东,7235,5,213,7014,17,8,0,2,3
224,广东,7230,12,225,6997,6,8,0,10,10
225,广东,7218,17,219,6991,8,8,0,6,15
226,广东,7201,35,210,6983,9,8,0,12,28
227,广东,7166,22,184,6974,14,8,0,3,21
228,广东,7144,10,176,6960,10,8,0,1,8
229,广东,7134,15,176,6950,12,8,0,1,13
230,广东,7119,16,173,6938,11,8,0,6,13
231,广东,7103,12,168,6927,13,8,0,4,12
232,广东,7091,9,169,6914,20,8,0,5,7
233,广东,7082,28,180,6894,32,8,0,2,29
234,广东,7054,21,184,6862,13,8,0,7,21
235,广东,7033,29,176,6849,16,8,0,16,28
236,广东,7004,10,163,6833,19,8,0,7,7
237,广东,6994,1,172,6814,30,8,0,0,0
238,广东,6993,1,201,6784,35,8,0,0,0
239,广东,6992,6,235,6749,28,8,0,0,2
240,广东,6986,5,257,6721,17,8,0,0,3
241,广东,6981,9,269,6704,15,8,0,0,4
242,广东,6972,11,275,6689,17,8,0,2,8
243,广东,6961,6,281,6672,17,8,0,1,5
244,广东,6955,9,292,6655,12,8,0,4,8
245,广东,6946,15,295,6643,10,8,0,6,15
246,广东,6931,24,290,6633,12,8,0,5,20
247,广东,6907,28,278,6621,7,8,0,10,25
248,广东,6879,32,257,6614,8,8,0,11,29
249,广东,6847,26,233,6606,11,8,0,0,24
250,广东,6821,24,218,6595,11,8,0,0,22
251,广东,6797,48,205,6584,11,8,0,0,47
252,广东,6749,26,168,6573,24,8,0,0,22
253,广东,6723,20,166,6549,17,8,0,0,16
254,广东,6703,22,163,6532,16,8,0,0,19
255,广东,6681,17,157,6516,19,8,0,0,10
256,广东,6664,9,159,6497,21,8,0,0,5
257,广东,6655,12,171,6476,16,8,0,0,7
258,广东,6643,1,175,6460,31,8,0,0,0
259,广东,6642,13,205,6429,54,8,0,0,7
260,广东,6629,8,246,6375,64,8,0,0,3
261,广东,6621,13,302,6311,91,8,0,0,5
262,广东,6608,12,380,6220,66,8,0,0,2
263,广东,6596,4,434,6154,76,8,0,0,0
264,广东,6592,6,506,6078,84,8,0,0,4
265,广东,6586,14,584,5994,148,8,0,0,14
266,广东,6572,15,718,5846,87,8,0,0,2
267,广东,6557,11,790,5759,79,8,0,0,11
268,广东,6546,10,858,5680,60,8,0,0,4
269,广东,6536,10,908,5620,81,8,0,0,2
270,广东,6526,11,979,5539,67,8,0,0,4
271,广东,6515,15,1035,5472,83,8,0,0,4
272,广东,6500,16,1103,5389,36,8,0,0,8
273,广东,6484,23,1123,5353,69,8,0,0,15
274,广东,6461,37,1169,5284,129,8,0,0,25
275,广东,6424,45,1261,5155,152,8,0,0,38
276,广东,6379,73,1368,5003,97,8,0,0,51
277,广东,6306,65,1392,4906,380,8,0,0,47
278,广东,6241,89,1707,4526,156,8,0,0,74
279,广东,6152,104,1774,4370,90,8,0,0,83
280,广东,6048,80,1760,4280,54,8,0,0,59
281,广东,5968,68,1734,4226,35,8,0,0,48
282,广东,5900,121,1701,4191,26,8,0,0,79
283,广东,5779,96,1606,4165,48,8,0,0,62
284,广东,5683,63,1558,4117,27,8,0,0,33
285,广东,5620,62,1522,4090,0,8,0,0,11
286,广东,5558,50,1460,4090,56,8,0,0,17
287,广东,5508,46,1466,4034,33,8,0,0,7
288,广东,5462,92,1453,4001,17,8,0,0,45
289,广东,5370,120,1378,3984,21,8,0,0,69
290,广东,5250,92,1279,3963,16,8,0,0,20
291,广东,5158,125,1203,3947,14,8,0,0,46
292,广东,5033,139,1092,3933,26,8,0,0,22
293,广东,4894,94,979,3907,8,8,0,0,28
294,广东,4800,115,893,3899,8,8,0,0,32
295,广东,4685,75,786,3891,12,8,0,0,31
296,广东,4610,93,723,3879,9,8,0,0,40
297,广东,4517,83,639,3870,16,8,0,0,48
298,广东,4434,89,572,3854,16,8,0,0,30
299,广东,4345,60,499,3838,15,8,0,0,8
300,广东,4285,52,454,3823,11,8,0,0,8
301,广东,4233,45,413,3812,12,8,0,0,7
302,广东,4188,25,380,3800,7,8,0,0,3
303,广东,4163,26,362,3793,11,8,0,0,6
304,广东,4137,40,347,3782,10,8,0,0,8
305,广东,4097,25,317,3772,16,8,0,0,3
306,广东,4072,25,308,3756,12,8,0,0,4
307,广东,4047,29,295,3744,10,8,0,0,7
308,广东,4018,27,276,3734,17,8,0,0,3
309,广东,3991,18,266,3717,12,8,0,0,2
310,广东,3973,28,260,3705,7,8,0,0,28
311,广东,3945,20,239,3698,5,8,0,0,1
312,广东,3925,24,224,3693,10,8,0,0,0
313,广东,3901,15,210,3683,8,8,0,0,0
314,广东,3886,9,203,3675,6,8,0,0,0
315,广东,3877,18,200,3669,5,8,0,0,0
316,广东,3859,18,187,3664,9,8,0,0,0
317,广东,3841,25,178,3655,10,8,0,0,4
318,广东,3816,8,163,3645,11,8,0,0,1
319,广东,3808,10,166,3634,9,8,0,0,6
320,广东,3798,13,165,3625,10,8,0,0,5
321,广东,3785,13,162,3615,20,8,0,0,9
322,广东,3772,11,169,3595,23,8,0,0,6
323,广东,3761,9,181,3572,18,8,0,0,1
324,广东,3752,7,190,3554,21,8,0,0,0
325,广东,3745,2,204,3533,5,8,0,0,0
326,广东,3743,6,207,3528,5,8,0,0,0
327,广东,3737,7,206,3523,7,8,0,0,0
328,广东,3730,3,206,3516,11,8,0,0,3
329,广东,3727,1,214,3505,6,8,0,0,1
330,广东,3726,2,219,3499,7,8,0,0,2
331,广东,3724,6,224,3492,10,8,0,0,1
332,广东,3718,8,228,3482,10,8,0,0,3
333,广东,3710,7,230,3472,15,8,0,0,3
334,广东,3703,14,238,3457,8,8,0,0,4
335,广东,3689,5,232,3449,4,8,0,0,2
336,广东,3684,9,231,3445,13,8,0,0,7
337,广东,3675,18,235,3432,17,8,0,0,5
338,广东,3657,17,234,3415,7,8,0,0,9
339,广东,3640,15,224,3408,8,8,0,0,1
340,广东,3625,13,217,3400,3,8,0,0,8
341,广东,3612,10,207,3397,5,8,0,0,0
342,广东,3602,18,202,3392,6,8,0,0,0
343,广东,3584,27,190,3386,5,8,0,0,0
344,广东,3557,18,168,3381,4,8,0,0,0
345,广东,3539,9,154,3377,2,8,0,0,0
346,广东,3530,9,147,3375,8,8,0,0,0
347,广东,3521,9,146,3367,6,8,0,0,0
348,广东,3512,9,143,3361,0,8,0,0,0
349,广东,3503,10,134,3361,3,8,0,0,0
350,广东,3493,7,127,3358,4,8,0,0,0
351,广东,3486,13,124,3354,2,8,0,0,0
352,广东,3473,6,113,3352,6,8,0,0,0
353,广东,3467,10,113,3346,4,8,0,0,0
354,广东,3457,11,107,3342,0,8,0,0,0
355,广东,3446,3,96,3342,2,8,0,0,0
356,广东,3443,10,95,3340,2,8,0,0,0
357,广东,3433,4,87,3338,1,8,0,0,0
358,广东,3429,2,84,3337,6,8,0,0,0
359,广东,3427,6,88,3331,3,8,0,0,0
360,广东,3421,2,85,3328,5,8,0,0,0
361,广东,3419,6,88,3323,4,8,0,0,0
362,广东,3413,5,86,3319,4,8,0,0,0
363,广东,3408,9,85,3315,5,8,0,0,0
364,广东,3399,5,81,3310,5,8,0,0,0
365,广东,3394,10,81,3305,6,8,0,0,0
366,广东,3384,10,77,3299,7,8,0,0,0
367,广东,3374,8,74,3292,1,8,0,0,0
368,广东,3366,7,67,3291,2,8,0,0,0
369,广东,3359,6,62,3289,0,8,0,0,0
370,广东,3353,6,56,3289,1,8,0,0,0
371,广东,3347,4,51,3288,1,8,0,0,0
372,广东,3343,4,48,3287,2,8,0,0,0
373,广东,3339,5,46,3285,5,8,0,0,0
374,广东,3334,1,46,3280,2,8,0,0,0
375,广东,3333,0,47,3278,5,8,0,0,0
376,广东,3333,0,52,3273,2,8,0,0,0
377,广东,3333,3,54,3271,1,8,0,0,0
378,广东,3330,3,52,3270,7,8,0,0,0
379,广东,3327,3,56,3263,3,8,0,0,0
380,广东,3324,1,56,3260,3,8,0,0,0
381,广东,3323,1,58,3257,6,8,0,0,0
382,广东,3322,4,63,3251,0,8,0,0,0
383,广东,3318,3,59,3251,2,8,0,0,0
384,广东,3315,1,58,3249,1,8,0,0,0
385,广东,3314,4,58,3248,4,8,0,0,0
386,广东,3310,9,58,3244,0,8,0,0,0
387,广东,3301,4,49,3244,3,8,0,0,0
388,广东,3297,3,48,3241,1,8,0,0,0
389,广东,3294,3,46,3240,3,8,0,0,0
390,广东,3291,6,46,3237,4,8,0,0,0
391,广东,3285,4,44,3233,1,8,0,0,0
392,广东,3281,2,41,3232,1,8,0,0,0
393,广东,3279,5,40,3231,1,8,0,0,0
394,广东,3274,2,36,3230,2,8,0,0,0
395,广东,3272,3,36,3228,1,8,0,0,0
396,广东,3269,2,34,3227,3,8,0,0,0
397,广东,3267,3,35,3224,0,8,0,0,0
398,广东,3264,4,32,3224,3,8,0,0,0
399,广东,3260,1,31,3221,5,8,0,0,0
400,广东,3259,2,35,3216,0,8,0,0,0
401,广东,3257,4,33,3216,5,8,0,0,0
402,广东,3253,1,34,3211,0,8,0,0,0
403,广东,3252,1,33,3211,3,8,0,0,0
404,广东,3251,2,35,3208,6,8,0,0,0
405,广东,3249,1,39,3202,8,8,0,0,0
406,广东,3248,1,46,3194,0,8,0,0,0
407,广东,3247,4,45,3194,1,8,0,0,0
408,广东,3243,3,42,3193,1,8,0,0,0
409,广东,3240,3,40,3192,2,8,0,0,0
410,广东,3237,3,39,3190,2,8,0,0,0
411,广东,3234,1,38,3188,2,8,0,0,0
412,广东,3233,3,39,3186,1,8,0,0,0
413,广东,3230,4,37,3185,1,8,0,0,0
414,广东,3226,2,34,3184,0,8,0,0,0
415,广东,3224,0,32,3184,4,8,0,0,0
416,广东,3224,1,36,3180,1,8,0,0,0
417,广东,3223,2,36,3179,1,8,0,0,0
418,广东,3221,4,35,3178,2,8,0,0,0
419,广东,3217,0,33,3176,1,8,0,0,0
420,广东,3217,2,34,3175,1,8,0,0,0
421,广东,3215,4,33,3174,2,8,0,0,0
422,广东,3211,0,31,3172,0,8,0,0,0
423,广东,3211,1,31,3172,1,8,0,0,0
424,广东,3210,1,31,3171,1,8,0,0,0
425,广东,3209,1,31,3170,1,8,0,0,0
426,广东,3208,1,31,3169,5,8,0,0,0
427,广东,3207,3,35,3164,4,8,0,0,0
428,广东,3204,3,36,3160,3,8,0,0,0
429,广东,3201,2,36,3157,0,8,0,0,0
430,广东,3199,0,34,3157,0,8,0,0,0
431,广东,3199,0,34,3157,2,8,0,0,0
432,广东,3199,0,36,3155,2,8,0,0,0
433,广东,3199,2,38,3153,1,8,0,0,0
434,广东,3197,2,37,3152,2,8,0,0,0
435,广东,3195,0,37,3150,4,8,0,0,0
436,广东,3195,2,41,3146,3,8,0,0,0
437,广东,3193,0,42,3143,6,8,0,0,0
438,广东,3193,0,48,3137,0,8,0,0,0
439,广东,3193,2,48,3137,6,8,0,0,0
440,广东,3191,0,52,3131,4,8,0,0,0
441,广东,3191,0,56,3127,3,8,0,0,0
442,广东,3191,4,59,3124,3,8,0,0,0
443,广东,3187,4,58,3121,4,8,0,0,0
444,广东,3183,3,58,3117,4,8,0,0,0
445,广东,3180,3,59,3113,4,8,0,0,0
446,广东,3177,6,60,3109,1,8,0,0,0
447,广东,3171,3,55,3108,1,8,0,0,0
448,广东,3168,1,53,3107,0,8,0,0,0
449,广东,3167,3,52,3107,2,8,0,0,0
450,广东,3164,1,51,3105,2,8,0,0,0
451,广东,3163,4,52,3103,3,8,0,0,0
452,广东,3159,9,51,3100,0,8,0,0,0
453,广东,3150,1,42,3100,2,8,0,0,0
454,广东,3149,2,43,3098,4,8,0,0,0
455,广东,3147,2,45,3094,3,8,0,0,0
456,广东,3145,3,46,3091,5,8,0,0,0
457,广东,3142,0,48,3086,4,8,0,0,0
458,广东,3142,2,52,3082,3,8,0,0,0
459,广东,3140,3,53,3079,9,8,0,0,0
460,广东,3137,2,59,3070,5,8,0,0,0
461,广东,3135,3,62,3065,6,8,0,0,0
462,广东,3132,4,65,3059,6,8,0,0,0
463,广东,3128,8,67,3053,6,8,0,0,0
464,广东,3120,3,65,3047,7,8,0,0,0
465,广东,3117,6,69,3040,4,8,0,0,0
466,广东,3111,2,67,3036,5,8,0,0,0
467,广东,3109,5,70,3031,7,8,0,0,0
468,广东,3104,4,72,3024,4,8,0,0,0
469,广东,3100,4,72,3020,4,8,0,0,0
470,广东,3096,2,72,3016,1,8,0,0,0
471,广东,3094,7,71,3015,9,8,0,0,0
472,广东,3087,4,73,3006,4,8,0,0,0
473,广东,3083,4,73,3002,3,8,0,0,0
474,广东,3079,5,72,2999,4,8,0,0,0
475,广东,3074,9,71,2995,5,8,0,0,0
476,广东,3065,6,67,2990,5,8,0,0,0
477,广东,3059,4,66,2985,10,8,0,0,0
478,广东,3055,9,72,2975,9,8,0,0,0
479,广东,3046,3,72,2966,11,8,0,0,0
480,广东,3043,3,80,2955,8,8,0,0,0
481,广东,3040,17,85,2947,10,8,0,0,0
482,广东,3023,0,78,2937,0,8,0,0,0
483,广东,3023,3,78,2937,2,8,0,0,0
484,广东,3020,8,77,2935,10,8,0,0,0
485,广东,3012,5,79,2925,9,8,0,0,0
486,广东,3007,6,83,2916,5,8,0,0,0
487,广东,3001,4,82,2911,4,8,0,0,0
488,广东,2997,9,82,2907,12,8,0,0,0
489,广东,2988,10,85,2895,13,8,0,0,0
490,广东,2978,1,88,2882,8,8,0,0,0
491,广东,2977,9,95,2874,3,8,0,0,0
492,广东,2968,5,89,2871,2,8,0,0,0
493,广东,2963,13,86,2869,10,8,0,0,0
494,广东,2950,3,83,2859,3,8,0,0,0
495,广东,2947,9,83,2856,6,8,0,0,0
496,广东,2938,5,80,2850,4,8,0,0,0
497,广东,2933,2,79,2846,4,8,0,0,0
498,广东,2931,8,81,2842,3,8,0,0,0
499,广东,2923,8,76,2839,7,8,0,0,0
500,广东,2915,3,75,2832,2,8,0,0,0
501,广东,2912,3,74,2830,4,8,0,0,0
502,广东,2909,13,75,2826,4,8,0,0,0
503,广东,2896,2,66,2822,6,8,0,0,0
504,广东,2894,2,70,2816,5,8,0,0,0
505,广东,2892,6,73,2811,2,8,0,0,0
506,广东,2886,2,69,2809,2,8,0,0,0
507,广东,2884,2,69,2807,5,8,0,0,0
508,广东,2882,1,72,2802,1,8,0,0,0
509,广东,2881,9,72,2801,3,8,0,0,0
510,广东,2872,3,66,2798,5,8,0,0,0
511,广东,2869,3,68,2793,5,8,0,0,0
512,广东,2866,13,70,2788,9,8,0,0,0
513,广东,2853,8,66,2779,8,8,0,0,0
514,广东,2845,6,66,2771,7,8,0,0,0
515,广东,2839,5,67,2764,5,8,0,0,0
516,广东,2834,14,67,2759,5,8,0,0,0
517,广东,2820,7,58,2754,3,8,0,0,0
518,广东,2813,1,54,2751,6,8,0,0,0
519,广东,2812,4,59,2745,4,8,0,0,0
520,广东,2808,8,59,2741,6,8,0,0,0
521,广东,2800,4,57,2735,3,8,0,0,0
522,广东,2796,1,56,2732,8,8,0,0,0
523,广东,2795,4,63,2724,3,8,0,0,0
524,广东,2791,12,62,2721,4,8,0,0,0
525,广东,2779,2,54,2717,9,8,0,0,0
526,广东,2777,3,61,2708,4,8,0,0,0
527,广东,2774,3,62,2704,5,8,0,0,0
528,广东,2771,1,64,2699,8,8,0,0,0
529,广东,2770,1,71,2691,5,8,0,0,0
530,广东,2769,3,75,2686,9,8,0,0,0
531,广东,2766,2,81,2677,20,8,0,0,0
532,广东,2764,5,99,2657,9,8,0,0,0
533,广东,2759,3,103,2648,23,8,0,0,0
534,广东,2756,5,123,2625,6,8,0,0,0
535,广东,2751,3,124,2619,9,8,0,0,0
536,广东,2748,3,130,2610,17,8,0,0,0
537,广东,2745,8,144,2593,10,8,0,0,0
538,广东,2737,0,146,2583,12,8,0,0,0
539,广东,2737,1,158,2571,6,8,0,0,0
540,广东,2736,3,163,2565,7,8,0,0,0
541,广东,2733,5,167,2558,6,8,0,0,0
542,广东,2728,1,168,2552,14,8,0,0,0
543,广东,2727,4,181,2538,12,8,0,0,0
544,广东,2723,6,189,2526,18,8,0,0,0
545,广东,2717,8,201,2508,16,8,0,0,0
546,广东,2709,3,209,2492,15,8,0,0,0
547,广东,2706,7,221,2477,16,8,0,0,0
548,广东,2699,7,230,2461,2,8,0,0,0
549,广东,2692,12,225,2459,9,8,0,0,0
550,广东,2680,14,222,2450,8,8,0,0,0
551,广东,2666,9,216,2442,11,8,0,0,0
552,广东,2657,7,218,2431,2,8,0,0,0
553,广东,2650,15,213,2429,4,8,0,0,0
554,广东,2635,10,202,2425,2,8,0,0,0
555,广东,2625,7,194,2423,4,8,0,0,0
556,广东,2618,13,191,2419,4,8,0,0,0
557,广东,2605,12,182,2415,8,8,0,0,0
558,广东,2593,11,178,2407,3,8,0,0,0
559,广东,2582,9,170,2404,3,8,0,0,0
560,广东,2573,9,164,2401,2,8,0,0,0
561,广东,2564,22,157,2399,1,8,0,0,0
562,广东,2542,8,136,2398,2,8,0,0,0
563,广东,2534,9,130,2396,8,8,0,0,0
564,广东,2525,16,129,2388,0,8,0,0,0
565,广东,2509,11,113,2388,0,8,0,0,0
566,广东,2498,17,102,2388,0,8,0,0,0
567,广东,2481,13,85,2388,3,8,0,0,0
568,广东,2468,13,75,2385,2,8,0,0,0
569,广东,2455,23,64,2383,2,8,0,0,0
570,广东,2432,1,43,2381,4,8,0,0,0
571,广东,2431,3,46,2377,2,8,0,0,0
572,广东,2428,1,45,2375,4,8,0,0,0
573,广东,2427,14,48,2371,5,8,0,0,0
574,广东,2413,1,39,2366,3,8,0,0,0
575,广东,2412,0,41,2363,4,8,0,0,0
576,广东,2412,3,45,2359,2,8,0,0,0
577,广东,2409,3,44,2357,2,8,0,0,0
578,广东,2406,6,43,2355,1,8,0,0,0
579,广东,2400,1,38,2354,0,8,0,0,0
580,广东,2399,1,37,2354,4,8,0,0,0
581,广东,2398,1,40,2350,4,8,0,0,0
582,广东,2397,1,43,2346,3,8,0,0,0
583,广东,2396,4,45,2343,12,8,0,0,0
584,广东,2392,5,53,2331,0,8,0,0,0
585,广东,2387,1,48,2331,7,8,0,0,0
586,广东,2386,3,54,2324,3,8,0,0,0
587,广东,2383,2,54,2321,5,8,0,0,0
588,广东,2381,8,57,2316,2,8,0,0,0
589,广东,2373,1,51,2314,0,8,0,0,0
590,广东,2372,2,50,2314,7,8,0,0,0
591,广东,2370,5,55,2307,1,8,0,0,0
592,广东,2365,0,51,2306,2,8,0,0,0
593,广东,2365,5,53,2304,7,8,0,0,0
594,广东,2360,1,55,2297,3,8,0,0,0
595,广东,2359,1,57,2294,2,8,0,0,0
596,广东,2358,4,58,2292,1,8,0,0,0
597,广东,2354,4,55,2291,4,8,0,0,0
598,广东,2350,6,55,2287,0,8,0,0,0
599,广东,2344,7,49,2287,4,8,0,0,0
600,广东,2337,2,46,2283,-4,8,0,0,0
601,广东,2335,1,40,2287,1,8,0,0,0
602,广东,2334,3,40,2286,1,8,0,0,0
603,广东,2331,2,38,2285,5,8,0,0,0
604,广东,2329,1,41,2280,0,8,0,0,0
605,广东,2328,0,40,2280,5,8,0,0,0
606,广东,2328,1,45,2275,3,8,0,0,0
607,广东,2327,5,47,2272,0,8,0,0,0
608,广东,2322,2,42,2272,0,8,0,0,0
609,广东,2320,1,40,2272,4,8,0,0,0
610,广东,2319,0,43,2268,4,8,0,0,0
611,广东,2319,2,47,2264,2,8,0,0,0
612,广东,2317,4,47,2262,3,8,0,0,0
613,广东,2313,3,46,2259,2,8,0,0,0
614,广东,2310,2,45,2257,1,8,0,0,0
615,广东,2308,4,44,2256,2,8,0,0,0
616,广东,2304,3,42,2254,0,8,0,0,0
617,广东,2301,2,39,2254,1,8,0,0,0
618,广东,2299,3,38,2253,4,8,0,0,0
619,广东,2296,1,39,2249,0,8,0,0,0
620,广东,2295,0,38,2249,4,8,0,0,0
621,广东,2295,4,42,2245,3,8,0,0,0
622,广东,2291,1,41,2242,0,8,0,0,0
623,广东,2290,1,40,2242,0,8,0,0,0
624,广东,2289,2,39,2242,3,8,0,0,0
625,广东,2287,0,40,2239,0,8,0,0,0
626,广东,2287,2,40,2239,2,8,0,0,0
627,广东,2285,3,40,2237,1,8,0,0,0
628,广东,2282,0,38,2236,1,8,0,0,0
629,广东,2282,3,39,2235,2,8,0,0,0
630,广东,2279,2,38,2233,0,8,0,0,0
631,广东,2277,2,36,2233,1,8,0,0,0
632,广东,2275,8,35,2232,2,8,0,0,0
633,广东,2267,1,29,2230,1,8,0,0,0
634,广东,2266,1,29,2229,3,8,0,0,0
635,广东,2265,2,31,2226,4,8,0,0,0
636,广东,2263,4,33,2222,3,8,0,0,0
637,广东,2259,2,32,2219,1,8,0,0,0
638,广东,2257,4,31,2218,1,8,0,0,0
639,广东,2253,1,28,2217,1,8,0,0,0
640,广东,2252,1,28,2216,3,8,0,0,0
641,广东,2251,2,30,2213,1,8,0,0,0
642,广东,2249,3,29,2212,6,8,0,0,0
643,广东,2246,1,32,2206,3,8,0,0,0
644,广东,2245,0,34,2203,1,8,0,0,0
645,广东,2245,0,35,2202,3,8,0,0,0
646,广东,2245,1,38,2199,7,8,0,0,0
647,广东,2244,1,44,2192,2,8,0,0,0
648,广东,2243,3,45,2190,1,8,0,0,0
649,广东,2240,2,43,2189,4,8,0,0,0
650,广东,2238,2,45,2185,1,8,0,0,0
651,广东,2236,1,44,2184,2,8,0,0,0
652,广东,2235,2,45,2182,2,8,0,0,0
653,广东,2233,4,45,2180,2,8,0,0,0
654,广东,2229,4,43,2178,5,8,0,0,0
655,广东,2225,3,44,2173,6,8,0,0,0
656,广东,2222,1,47,2167,1,8,0,0,0
657,广东,2221,3,47,2166,4,8,0,0,0
658,广东,2218,3,48,2162,3,8,0,0,0
659,广东,2215,3,48,2159,1,8,0,0,0
660,广东,2212,6,46,2158,3,8,0,0,0
661,广东,2206,1,43,2155,0,8,0,0,0
662,广东,2205,5,42,2155,1,8,0,0,0
663,广东,2200,2,38,2154,8,8,0,0,0
664,广东,2198,1,44,2146,5,8,0,0,0
665,广东,2197,1,48,2141,1,8,0,0,0
666,广东,2196,9,48,2140,3,8,0,0,0
667,广东,2187,3,42,2137,3,8,0,0,0
668,广东,2184,1,42,2134,8,8,0,0,0
669,广东,2183,3,49,2126,5,8,0,0,0
670,广东,2180,0,51,2121,9,8,0,0,0
671,广东,2180,3,60,2112,0,8,0,0,0
672,广东,2177,6,57,2112,4,8,0,0,0
673,广东,2171,8,55,2108,3,8,0,0,0
674,广东,2163,4,50,2105,4,8,0,0,0
675,广东,2159,2,50,2101,3,8,0,0,0
676,广东,2157,3,51,2098,1,8,0,0,0
677,广东,2154,2,49,2097,0,8,0,0,0
678,广东,2152,1,47,2097,3,8,0,0,0
679,广东,2151,0,49,2094,3,8,0,0,0
680,广东,2151,7,52,2091,3,8,0,0,0
681,广东,2144,9,48,2088,5,8,0,0,0
682,广东,2135,0,44,2083,0,8,0,0,0
683,广东,2135,1,44,2083,2,8,0,0,0
684,广东,2134,2,45,2081,3,8,0,0,0
685,广东,2132,3,46,2078,1,8,0,0,0
686,广东,2129,2,44,2077,0,8,0,0,0
687,广东,2127,3,42,2077,12,8,0,0,0
688,广东,2124,0,51,2065,0,8,0,0,0
689,广东,2124,3,51,2065,5,8,0,0,0
690,广东,2121,5,53,2060,1,8,0,0,0
691,广东,2116,0,49,2059,0,8,0,0,0
692,广东,2116,1,49,2059,2,8,0,0,0
693,广东,2115,7,50,2057,0,8,0,0,0
694,广东,2108,2,43,2057,2,8,0,0,0
695,广东,2106,2,43,2055,2,8,0,0,0
696,广东,2104,5,43,2053,1,8,0,0,0
697,广东,2099,1,39,2052,3,8,0,0,0
698,广东,2098,5,41,2049,5,8,0,0,0
699,广东,2093,0,41,2044,0,8,0,0,0
700,广东,2093,3,41,2044,5,8,0,0,0
701,广东,2090,3,43,2039,4,8,0,0,0
702,广东,2087,1,44,2035,1,8,0,0,0
703,广东,2086,2,44,2034,2,8,0,0,0
704,广东,2084,3,44,2032,2,8,0,0,0
705,广东,2081,3,43,2030,2,8,0,0,0
706,广东,2078,0,42,2028,0,8,0,0,0
707,广东,2078,3,42,2028,4,8,0,0,0
708,广东,2075,7,43,2024,2,8,0,0,0
709,广东,2068,0,38,2022,0,8,0,0,0
710,广东,2068,1,38,2022,0,8,0,0,0
711,广东,2067,2,37,2022,2,8,0,0,0
712,广东,2065,5,37,2020,5,8,0,0,0
713,广东,2060,0,37,2015,0,8,0,0,0
714,广东,2060,3,37,2015,1,8,0,0,0
715,广东,2057,4,35,2014,2,8,0,0,0
716,广东,2053,2,33,2012,0,8,0,0,0
717,广东,2051,2,31,2012,1,8,0,0,0
718,广东,2049,3,30,2011,1,8,0,0,0
719,广东,2046,2,28,2010,2,8,0,0,0
720,广东,2044,3,28,2008,0,8,0,0,0
721,广东,2041,1,25,2008,0,8,0,0,0
722,广东,2040,1,24,2008,5,8,0,0,0
723,广东,2039,1,28,2003,5,8,0,0,0
724,广东,2038,0,32,1998,2,8,0,0,0
725,广东,2038,2,34,1996,3,8,0,0,0
726,广东,2036,0,35,1993,0,8,0,0,0
727,广东,2036,1,35,1993,7,8,0,0,0
728,广东,2035,4,41,1986,6,8,0,0,0
729,广东,2031,0,43,1980,0,8,0,0,0
730,广东,2031,3,43,1980,1,8,0,0,0
731,广东,2028,1,41,1979,2,8,0,0,0
732,广东,2027,1,42,1977,3,8,0,0,0
733,广东,2026,4,44,1974,1,8,0,0,0
734,广东,2022,1,41,1973,0,8,0,0,0
735,广东,2021,3,40,1973,0,8,0,0,0
736,广东,2018,1,37,1973,0,8,0,0,0
737,广东,2017,1,36,1973,1,8,0,0,0
738,广东,2016,1,36,1972,2,8,0,0,0
739,广东,2015,2,37,1970,1,8,0,0,0
740,广东,2013,3,36,1969,1,8,0,0,0
741,广东,2010,1,34,1968,2,8,0,0,0
742,广东,2009,2,35,1966,2,8,0,0,0
743,广东,2007,3,35,1964,4,8,0,0,0
744,广东,2004,2,36,1960,4,8,0,0,0
745,广东,2002,2,38,1956,0,8,0,0,0
746,广东,2000,3,36,1956,3,8,0,0,0
747,广东,1997,1,36,1953,1,8,0,0,0
748,广东,1996,4,36,1952,1,8,0,0,0
749,广东,1992,3,33,1951,2,8,0,0,0
750,广东,1989,0,32,1949,0,8,0,0,0
751,广东,1989,1,32,1949,2,8,0,0,0
752,广东,1988,0,33,1947,0,8,0,0,0
753,广东,1988,0,33,1947,5,8,0,0,0
754,广东,1988,0,38,1942,0,8,0,0,0
755,广东,1988,4,38,1942,1,8,0,0,0
756,广东,1984,1,35,1941,1,8,0,0,0
757,广东,1983,8,35,1940,3,8,0,0,0
758,广东,1975,0,30,1937,2,8,0,0,0
759,广东,1975,0,32,1935,0,8,0,0,0
760,广东,1975,0,32,1935,2,8,0,0,0
761,广东,1975,2,34,1933,0,8,0,0,0
762,广东,1973,1,32,1933,3,8,0,0,0
763,广东,1972,1,34,1930,5,8,0,0,0
764,广东,1971,3,38,1925,2,8,0,0,0
765,广东,1968,2,37,1923,1,8,0,0,0
766,广东,1966,3,36,1922,0,8,0,0,0
767,广东,1963,7,33,1922,1,8,0,0,0
768,广东,1956,0,27,1921,3,8,0,0,0
769,广东,1956,1,30,1918,3,8,0,0,0
770,广东,1955,0,32,1915,6,8,0,0,0
771,广东,1955,10,38,1909,5,8,0,0,0
772,广东,1945,0,33,1904,2,8,0,0,0
773,广东,1945,2,35,1902,0,8,0,0,0
774,广东,1943,2,33,1902,3,8,8,0,0
775,广东,1941,3,42,1899,3,0,-8,0,0
776,广东,1938,0,34,1896,5,8,0,0,0
777,广东,1938,3,39,1891,0,8,0,0,0
778,广东,1935,8,36,1891,4,8,0,0,0
779,广东,1927,5,32,1887,5,8,0,0,0
780,广东,1922,3,32,1882,0,8,0,0,0
781,广东,1919,3,29,1882,5,8,0,0,0
782,广东,1916,2,31,1877,7,8,0,0,0
783,广东,1914,3,36,1870,0,8,0,0,0
784,广东,1911,2,33,1870,1,8,0,0,0
785,广东,1909,1,32,1869,4,8,0,0,0
786,广东,1908,4,35,1865,8,8,0,0,0
787,广东,1904,0,39,1857,0,8,0,0,0
788,广东,1904,9,39,1857,9,8,0,0,0
789,广东,1895,0,39,1848,0,8,0,0,0
790,广东,1895,3,39,1848,4,8,0,0,0
791,广东,1892,3,40,1844,3,8,0,0,0
792,广东,1889,5,40,1841,1,8,0,0,0
793,广东,1884,3,36,1840,8,8,0,0,0
794,广东,1881,4,41,1832,0,8,0,0,0
795,广东,1877,2,37,1832,1,8,0,0,0
796,广东,1875,6,36,1831,5,8,0,0,0
797,广东,1869,0,35,1826,0,8,0,0,0
798,广东,1869,6,35,1826,1,8,0,0,0
799,广东,1863,2,30,1825,2,8,0,0,0
800,广东,1861,3,30,1823,1,8,0,0,0
801,广东,1858,6,28,1822,0,8,0,0,0
802,广东,1852,1,22,1822,1,8,0,0,0
803,广东,1851,3,22,1821,6,8,0,0,0
804,广东,1848,0,25,1815,7,8,0,0,0
805,广东,1848,2,32,1808,0,8,0,0,0
806,广东,1846,5,30,1808,2,8,0,0,0
807,广东,1841,1,27,1806,2,8,0,0,0
808,广东,1840,6,28,1804,1,8,0,0,0
809,广东,1834,5,23,1803,4,8,0,0,0
810,广东,1829,2,22,1799,0,8,0,0,0
811,广东,1827,0,20,1799,3,8,0,0,0
812,广东,1827,8,23,1796,4,8,0,0,0
813,广东,1819,5,19,1792,7,8,0,0,0
814,广东,1814,0,21,1789,4,8,0,0,0
815,广东,1814,2,21,1785,0,8,0,0,0
816,广东,1812,3,19,1785,3,8,0,0,0
817,广东,1809,2,19,1782,2,8,0,0,0
818,广东,1807,0,19,1780,3,8,0,0,0
819,广东,1807,4,22,1777,3,8,0,0,0
820,广东,1803,3,21,1774,3,8,0,0,0
821,广东,1800,3,21,1771,3,8,0,0,0
822,广东,1797,4,21,1768,1,8,0,0,0
823,广东,1793,6,18,1767,3,8,0,0,0
824,广东,1787,3,15,1764,4,8,0,0,0
825,广东,1784,1,16,1760,3,8,0,0,0
826,广东,1783,1,18,1757,4,8,0,0,0
827,广东,1782,4,21,1753,5,8,0,0,0
828,广东,1778,1,22,1748,0,8,0,0,0
829,广东,1777,1,21,1748,3,8,0,0,0
830,广东,1776,2,23,1745,2,8,0,0,0
831,广东,1774,4,23,1743,0,8,0,0,0
832,广东,1770,1,19,1743,6,8,0,0,0
833,广东,1769,0,24,1737,2,8,0,0,0
834,广东,1769,2,26,1735,2,8,0,0,0
835,广东,1767,4,26,1733,6,8,0,0,0
836,广东,1763,3,28,1727,4,8,0,0,0
837,广东,1760,2,29,1723,1,8,0,0,0
838,广东,1758,13,28,1722,0,8,0,0,0
839,广东,1745,3,15,1722,1,8,0,0,0
840,广东,1742,2,13,1721,0,8,0,0,0
841,广东,1740,2,11,1721,3,8,0,0,0
842,广东,1738,0,12,1718,0,8,0,0,0
843,广东,1738,1,12,1718,2,8,0,0,0
844,广东,1737,2,13,1716,1,8,0,0,0
845,广东,1735,1,12,1715,11,8,0,0,0
846,广东,1734,0,22,1704,0,8,0,0,0
847,广东,1734,4,22,1704,2,8,0,0,0
848,广东,1730,3,20,1702,1,8,0,0,0
849,广东,1727,0,18,1701,2,8,0,0,0
850,广东,1727,2,20,1699,3,8,0,0,0
851,广东,1725,0,21,1696,1,8,0,0,0
852,广东,1725,0,22,1695,8,8,0,0,0
853,广东,1725,0,30,1687,0,8,0,0,0
854,广东,1725,4,30,1687,0,8,0,0,0
855,广东,1721,1,26,1687,3,8,0,0,0
856,广东,1720,8,28,1684,0,8,0,0,0
857,广东,1712,3,20,1684,1,8,0,0,0
858,广东,1709,2,18,1683,2,8,0,0,0
859,广东,1707,0,18,1681,3,8,0,0,0
860,广东,1707,2,21,1678,2,8,0,0,0
861,广东,1705,6,21,1676,4,8,0,0,0
862,广东,1699,3,19,1672,1,8,0,0,0
863,广东,1696,3,17,1671,2,8,0,0,0
864,广东,1693,5,16,1669,5,8,0,0,0
865,广东,1688,1,16,1664,3,8,0,0,0
866,广东,1687,0,18,1661,0,8,0,0,0
867,广东,1687,0,18,1661,2,8,0,0,0
868,广东,1687,0,20,1659,0,8,0,0,0
869,广东,1687,4,20,1659,2,8,0,0,0
870,广东,1683,1,18,1657,3,8,0,0,0
871,广东,1682,2,20,1654,1,8,0,0,0
872,广东,1680,2,19,1653,0,8,0,0,0
873,广东,1678,3,17,1653,2,8,0,0,0
874,广东,1675,1,16,1651,3,8,0,0,0
875,广东,1674,2,18,1648,3,8,0,0,0
876,广东,1672,0,19,1645,0,8,0,0,0
877,广东,1672,0,19,1645,3,8,0,0,0
878,广东,1672,3,22,1642,1,8,0,0,0
879,广东,1669,2,20,1641,2,8,0,0,0
880,广东,1667,5,20,1639,2,8,0,0,0
881,广东,1662,1,17,1637,0,8,0,0,0
882,广东,1661,2,16,1637,0,8,0,0,0
883,广东,1659,0,14,1637,0,8,0,0,0
884,广东,1659,0,14,1637,1,8,0,0,0
885,广东,1659,2,15,1636,0,8,0,0,0
886,广东,1657,3,13,1636,0,8,0,0,0
887,广东,1654,4,10,1636,0,8,0,0,0
888,广东,1650,0,6,1636,0,8,0,0,0
889,广东,1650,0,6,1636,1,8,0,0,0
890,广东,1650,0,7,1635,1,8,0,0,0
891,广东,1650,2,8,1634,0,8,0,0,0
892,广东,1648,0,6,1634,0,8,0,0,0
893,广东,1648,1,6,1634,0,8,0,0,0
894,广东,1647,0,5,1634,3,8,0,0,0
895,广东,1647,2,8,1631,0,8,0,0,0
896,广东,1645,1,6,1631,0,8,0,0,0
897,广东,1644,1,5,1631,0,8,0,0,0
898,广东,1643,0,4,1631,0,8,0,0,0
899,广东,1643,0,4,1631,2,8,0,0,0
900,广东,1643,1,6,1629,2,8,0,0,0
901,广东,1642,0,7,1627,0,8,0,0,0
902,广东,1642,1,7,1627,0,8,0,0,0
903,广东,1641,0,6,1627,0,8,0,0,0
904,广东,1641,4,6,1627,2,8,0,0,0
905,广东,1637,0,4,1625,3,8,0,0,0
906,广东,1637,0,7,1622,0,8,0,0,0
907,广东,1637,2,7,1622,1,8,0,0,0
908,广东,1635,1,6,1621,1,8,0,0,0
909,广东,1634,0,6,1620,1,8,0,0,0
910,广东,1634,0,7,1619,0,8,0,0,0
911,广东,1634,0,7,1619,5,8,0,0,0
912,广东,1634,0,12,1614,0,8,0,0,0
913,广东,1634,0,12,1614,1,8,0,0,0
914,广东,1634,3,13,1613,9,8,0,0,0
915,广东,1631,3,19,1604,1,8,0,0,0
916,广东,1628,0,17,1603,10,8,0,0,0
917,广东,1628,0,27,1593,1,8,0,0,0
918,广东,1628,3,28,1592,2,8,0,0,0
919,广东,1625,0,27,1590,0,8,0,0,0
920,广东,1625,17,27,1590,0,8,0,0,0
921,广东,1608,1,10,1590,1,8,0,0,0
922,广东,1607,0,10,1589,1,8,0,0,0
923,广东,1607,3,11,1588,1,8,0,0,0
924,广东,1604,0,9,1587,1,8,0,0,0
925,广东,1604,2,10,1586,1,8,0,0,0
926,广东,1602,1,9,1585,1,8,0,0,0
927,广东,1601,0,9,1584,0,8,0,0,0
928,广东,1601,3,9,1584,0,8,0,0,0
929,广东,1598,1,6,1584,1,8,0,0,0
930,广东,1597,1,6,1583,0,8,0,0,0
931,广东,1596,1,5,1583,0,8,0,0,0
932,广东,1595,0,4,1583,0,8,0,0,0
933,广东,1595,2,4,1583,0,8,0,0,0
934,广东,1593,0,2,1583,0,8,0,0,0
935,广东,1593,1,2,1583,1,8,0,0,0
936,广东,1592,0,2,1582,0,8,0,0,0
937,广东,1592,0,2,1582,1,8,0,0,0
938,广东,1592,0,3,1581,0,8,0,0,0
939,广东,1592,0,3,1581,0,8,0,0,0
940,广东,1592,0,3,1581,1,8,0,0,0
941,广东,1592,1,4,1580,0,8,0,0,0
942,广东,1591,0,3,1580,0,8,0,0,0
943,广东,1591,1,3,1580,1,8,0,0,0
944,广东,1590,0,3,1579,0,8,0,0,0
945,广东,1590,0,3,1579,0,8,0,0,0
946,广东,1590,0,3,1579,0,8,0,0,0
947,广东,1590,0,3,1579,0,8,0,0,0
948,广东,1590,0,3,1579,0,8,0,0,0
949,广东,1589,0,2,1579,0,8,0,0,0
950,广东,1589,0,2,1579,0,8,0,0,0
951,广东,1589,0,2,1579,1,8,0,0,0
952,广东,1589,0,3,1578,0,8,0,0,0
953,广东,1589,0,3,1578,1,8,0,0,0
954,广东,1589,0,4,1577,1,8,0,0,0
955,广东,1589,0,5,1576,0,8,0,0,0
956,广东,1589,0,5,1576,1,8,0,0,0
957,广东,1589,0,6,1575,0,8,0,0,0
958,广东,1589,1,6,1575,0,8,0,0,0
959,广东,1588,0,5,1575,4,8,0,0,0
960,广东,1588,0,9,1571,2,8,0,0,0
961,广东,1588,0,11,1569,2,8,0,0,0
962,广东,1588,0,13,1567,0,8,0,0,0
963,广东,1588,0,13,1567,2,8,0,0,0
964,广东,1588,0,15,1565,8,8,0,0,0
965,广东,1588,0,23,1557,3,8,0,0,0
966,广东,1588,1,26,1554,7,8,0,0,0
967,广东,1587,0,32,1547,5,8,0,0,0
968,广东,1587,1,37,1542,0,8,0,0,0
969,广东,1586,1,36,1542,8,8,0,0,0
970,广东,1585,0,43,1534,6,8,0,0,0
971,广东,1585,1,49,1528,10,8,0,0,0
972,广东,1584,2,58,1518,7,8,0,0,0
973,广东,1582,0,63,1511,10,8,0,0,0
974,广东,1582,1,73,1501,7,8,0,0,0
975,广东,1581,1,79,1494,4,8,0,0,0
976,广东,1580,1,82,1490,8,8,0,0,0
977,广东,1579,2,89,1482,7,8,0,0,0
978,广东,1577,6,94,1475,4,8,0,0,0
979,广东,1571,5,92,1471,9,8,0,0,0
980,广东,1566,2,96,1462,4,8,0,0,0
981,广东,1564,6,98,1458,4,8,0,0,0
982,广东,1555,3,93,1454,11,8,0,0,0
983,广东,1552,4,101,1443,6,8,0,0,0
984,广东,1548,4,103,1437,3,8,0,0,0
985,广东,1544,5,102,1434,11,8,0,0,0
986,广东,1539,3,108,1423,12,8,0,0,0
987,广东,1536,3,117,1411,10,8,0,0,0
988,广东,1533,1,124,1401,6,8,0,0,0
989,广东,1532,7,129,1395,8,8,0,0,0
990,广东,1524,8,129,1387,9,8,0,0,0
991,广东,1516,2,130,1378,10,8,0,0,0
992,广东,1514,6,138,1368,12,8,0,0,0
993,广东,1507,6,143,1356,-1,8,0,0,0
994,广东,1501,9,136,1357,4,8,0,0,0
995,广东,1490,6,129,1353,2,8,0,0,0
996,广东,1484,9,125,1351,2,8,0,0,0
997,广东,1475,8,118,1349,8,8,0,0,0
998,广东,1467,11,118,1341,4,8,0,0,0
999,广东,1456,12,111,1337,1,8,0,0,0
1000,广东,1444,11,100,1336,2,8,0,0,0
1001,广东,1433,5,91,1334,1,8,0,0,0
1002,广东,1428,15,87,1333,1,8,0,0,0
1003,广东,1413,6,73,1332,3,8,0,0,0
1004,广东,1407,8,70,1329,4,8,0,0,0
1005,广东,1399,7,66,1325,3,8,0,0,0
1006,广东,1392,14,62,1322,4,8,0,0,0
1007,广东,1378,9,52,1318,6,8,0,0,0
1008,广东,1369,5,49,1312,5,8,0,0,0
1009,广东,1364,3,49,1307,1,8,0,0,0
1010,广东,1361,4,47,1306,3,8,0,0,0
1011,广东,1357,1,46,1303,4,8,0,0,0
1012,广东,1356,0,49,1299,3,8,0,0,0
1013,广东,1356,0,52,1296,8,8,0,0,0
1014,广东,1356,3,60,1288,6,8,0,0,0
1015,广东,1353,0,63,1282,12,8,0,0,0
1016,广东,1353,1,75,1270,10,8,0,0,0
1017,广东,1352,0,84,1260,10,8,1,0,0
1018,广东,1352,0,95,1250,17,7,0,0,0
1019,广东,1352,1,112,1233,24,7,0,0,0
1020,广东,1351,1,135,1209,50,7,0,0,0
1021,广东,1350,0,184,1159,30,7,0,0,0
1022,广东,1350,0,214,1129,48,7,0,0,0
1023,广东,1350,0,262,1081,47,7,0,0,0
1024,广东,1350,1,309,1034,25,7,0,0,0
1025,广东,1349,0,333,1009,37,7,0,0,0
1026,广东,1349,1,370,972,53,7,0,0,0
1027,广东,1348,1,422,919,46,7,0,0,0
1028,广东,1347,0,467,873,32,7,0,0,0
1029,广东,1347,0,499,841,36,7,0,0,0
1030,广东,1347,2,535,805,33,7,1,0,0
1031,广东,1345,3,567,772,32,6,0,0,0
1032,广东,1342,3,596,740,20,6,1,0,0
1033,广东,1339,6,614,720,56,5,0,0,0
1034,广东,1333,1,664,664,45,5,0,0,0
1035,广东,1332,1,708,619,48,5,0,0,0
1036,广东,1331,3,755,571,41,5,1,0,0
1037,广东,1328,6,794,530,57,4,0,0,0
1038,广东,1322,6,845,473,37,4,2,0,0
1039,广东,1316,22,878,436,50,2,0,0,0
1040,广东,1294,33,906,386,54,2,0,0,0
1041,广东,1261,20,927,332,48,2,0,0,0
1042,广东,1241,22,955,284,43,2,1,0,0
1043,广东,1219,42,977,241,60,1,0,0,0
1044,广东,1177,26,995,181,38,1,0,0,0
1045,广东,1151,31,1007,143,18,1,0,0,0
1046,广东,1120,45,994,125,28,1,0,0,0
1047,广东,1075,57,977,97,28,1,0,0,0
1048,广东,1018,74,948,69,20,1,1,0,0
1049,广东,944,74,895,49,17,0,0,0,0
1050,广东,870,73,838,32,11,0,0,0,0
1051,广东,797,114,776,21,6,0,0,0,0
1052,广东,683,79,668,15,1,0,0,0,0
1053,广东,604,84,590,14,3,0,0,0,0
1054,广东,520,127,509,11,2,0,0,0,0
1055,广东,393,82,384,9,3,0,0,0,0
1056,广东,311,70,305,6,1,0,0,0,0
1057,广东,241,53,236,5,1,0,0,0,0
1058,广东,188,42,184,4,2,0,0,0,0
1059,广东,146,48,144,2,0,0,0,0,0
1060,广东,98,20,96,2,0,0,0,0,0
1061,广东,78,25,76,2,0,0,0,0,0
1062,广东,53,21,51,2,2,0,0,0,0
1063,广东,32,6,32,0,0,0,0,0,0
1064,广东,26,12,26,0,0,0,0,0,0
1065,广东,14,13,14,0,0,0,0,0,0
1066,广东,1,0,1,0,0,0,0,0,0
