﻿省份,时间,累计确诊,新增确诊,现有确诊,累计治愈,新增治愈,累计死亡,新增死亡,新增无症状,新增本土确诊
广东,2022/12/20,62367,1189,10000,52359,993,8,0,0,1171
广东,2022/12/19,61178,1111,9804,51366,917,8,0,0,1075
广东,2022/12/18,60067,502,9610,50449,568,8,0,0,846
广东,2022/12/17,59565,932,9676,49881,789,8,0,0,915
广东,2022/12/16,58633,1003,9533,49092,837,8,0,0,990
广东,2022/12/15,57630,1082,9367,48255,877,8,0,0,1065
广东,2022/12/14,56548,875,9162,47378,1255,8,0,0,857
广东,2022/12/13,55673,1048,9542,46123,1820,8,0,1817,1044
广东,2022/12/12,54625,797,10314,44303,1819,8,0,1264,775
广东,2022/12/11,53828,900,11336,42484,1749,8,0,1468,879
广东,2022/12/10,52928,762,12185,40735,2004,8,0,1791,735
广东,2022/12/9,52166,1125,13427,38731,2034,8,0,1819,1115
广东,2022/12/8,51041,1403,14336,36697,1627,8,0,1989,1391
广东,2022/12/7,49638,1451,14560,35070,1455,8,0,2713,1437
广东,2022/12/6,48187,1737,14564,33615,1377,8,0,3200,1719
广东,2022/12/5,46450,2135,14204,32238,1185,8,0,3421,2120
广东,2022/12/4,44315,1703,13254,31053,1675,8,0,4816,1686
广东,2022/12/3,42612,1882,13226,29378,1606,8,0,4785,1868
广东,2022/12/2,40730,1678,12950,27772,1622,8,0,5053,1666
广东,2022/12/1,39052,1798,12894,26150,1356,8,0,6010,1782
广东,2022/11/30,37254,1611,12452,24794,1094,8,0,6315,1599
广东,2022/11/29,35643,1529,11935,23700,1228,8,0,7236,1518
广东,2022/11/28,34114,1191,11634,22472,1276,8,0,7725,1168
广东,2022/11/27,32923,1368,11719,21196,1004,8,0,7761,1347
广东,2022/11/26,31555,1408,11355,20192,964,8,0,7705,1386
广东,2022/11/25,30147,1016,10911,19228,840,8,0,7405,991
广东,2022/11/24,29131,915,10735,18388,991,8,0,7584,892
广东,2022/11/23,28216,1810,10811,17397,842,8,0,7505,1791
广东,2022/11/22,26406,883,9843,16555,595,8,0,7951,860
广东,2022/11/21,25523,816,9555,15960,611,8,0,8241,781
广东,2022/11/20,24707,1022,9350,15349,569,8,0,8101,984
广东,2022/11/19,23685,1178,8897,14780,699,8,0,8381,1157
广东,2022/11/18,22507,1115,8418,14081,484,8,0,8535,1102
广东,2022/11/17,21392,1358,7787,13597,543,8,0,9110,1338
广东,2022/11/16,20034,1256,6972,13054,248,8,0,8576,1246
广东,2022/11/15,18778,588,5964,12806,285,8,0,6215,564
广东,2022/11/14,18190,605,5661,12521,238,8,0,5047,586
广东,2022/11/13,17585,726,5294,12283,279,8,0,3941,707
广东,2022/11/12,16859,742,4847,12004,148,8,0,3541,727
广东,2022/11/11,16117,769,4253,11856,164,8,0,2996,760
广东,2022/11/10,15348,569,3648,11692,90,8,0,2461,546
广东,2022/11/9,14779,514,3169,11602,69,8,0,2507,500
广东,2022/11/8,14265,608,2724,11533,63,8,0,2611,592
广东,2022/11/7,13657,331,2179,11470,80,8,0,2330,319
广东,2022/11/6,13326,234,1928,11390,80,8,0,1882,224
广东,2022/11/5,13092,273,1774,11310,51,8,0,1330,252
广东,2022/11/4,12819,228,1552,11259,59,8,0,669,219
广东,2022/11/3,12591,208,1383,11200,53,8,0,470,195
广东,2022/11/2,12383,115,1228,11147,45,8,0,356,103
广东,2022/11/1,12268,136,1158,11102,32,8,0,298,125
广东,2022/10/31,12132,248,1054,11070,37,8,0,458,242
广东,2022/10/30,11884,299,843,11033,58,8,0,468,291
广东,2022/10/29,11585,97,602,10975,42,8,0,195,83
广东,2022/10/28,11488,77,547,10933,62,8,0,136,63
广东,2022/10/27,11411,38,532,10871,56,8,0,88,27
广东,2022/10/26,11373,20,550,10815,42,8,0,84,15
广东,2022/10/25,11353,51,572,10773,56,8,0,67,45
广东,2022/10/24,11302,45,577,10717,63,8,0,62,33
广东,2022/10/23,11257,42,595,10654,73,8,0,70,23
广东,2022/10/22,11215,41,626,10581,61,8,0,59,32
广东,2022/10/21,11174,36,646,10520,38,8,0,74,19
广东,2022/10/20,11138,52,648,10482,48,8,0,62,27
广东,2022/10/19,11086,40,644,10434,68,8,0,58,26
广东,2022/10/18,11046,62,672,10366,59,8,0,48,50
广东,2022/10/17,10984,47,669,10307,61,8,0,61,36
广东,2022/10/16,10937,41,683,10246,51,8,0,38,23
广东,2022/10/15,10896,53,693,10195,32,8,0,29,35
广东,2022/10/14,10843,84,672,10163,36,8,0,29,60
广东,2022/10/13,10759,68,624,10127,36,8,0,21,53
广东,2022/10/12,10691,53,592,10091,43,8,0,17,36
广东,2022/10/11,10638,57,582,10048,41,8,0,11,43
广东,2022/10/10,10581,65,566,10007,35,8,0,25,38
广东,2022/10/9,10516,58,536,9972,30,8,0,24,31
广东,2022/10/8,10458,48,508,9942,21,8,0,21,34
广东,2022/10/7,10410,57,481,9921,17,8,0,27,47
广东,2022/10/6,10353,68,441,9904,27,8,0,34,41
广东,2022/10/5,10285,56,400,9877,13,8,0,27,37
广东,2022/10/4,10229,52,357,9864,23,8,0,24,34
广东,2022/10/3,10177,46,328,9841,23,8,0,16,27
广东,2022/10/2,10131,30,305,9818,24,8,0,24,19
广东,2022/10/1,10101,46,299,9794,12,8,0,10,17
广东,2022/9/30,10055,33,265,9782,14,8,0,21,22
广东,2022/9/29,10022,31,246,9768,26,8,0,15,16
广东,2022/9/28,9991,39,241,9742,20,8,0,5,18
广东,2022/9/27,9952,19,222,9722,9,8,0,2,4
广东,2022/9/26,9933,26,212,9713,28,8,0,5,12
广东,2022/9/25,9907,26,214,9685,30,8,0,5,7
广东,2022/9/24,9881,18,218,9655,36,8,0,0,6
广东,2022/9/23,9863,20,236,9619,32,8,0,0,5
广东,2022/9/22,9843,16,248,9587,58,8,0,4,2
广东,2022/9/21,9827,14,290,9529,33,8,0,2,1
广东,2022/9/20,9813,15,309,9496,64,8,0,2,3
广东,2022/9/19,9798,15,358,9432,52,8,0,1,0
广东,2022/9/18,9783,12,395,9380,69,8,0,2,1
广东,2022/9/17,9771,9,452,9311,57,8,0,1,2
广东,2022/9/16,9762,18,500,9254,54,8,0,1,3
广东,2022/9/15,9744,15,536,9200,60,8,0,1,5
广东,2022/9/14,9729,13,581,9140,65,8,0,4,5
广东,2022/9/13,9716,17,633,9075,64,8,0,3,6
广东,2022/9/12,9699,19,680,9011,52,8,0,4,7
广东,2022/9/11,9680,38,713,8959,36,8,0,11,17
广东,2022/9/10,9642,34,711,8923,35,8,0,10,15
广东,2022/9/9,9608,49,712,8888,33,8,0,6,25
广东,2022/9/8,9559,52,696,8855,24,8,0,28,33
广东,2022/9/7,9507,33,668,8831,27,8,0,12,24
广东,2022/9/6,9474,61,662,8804,29,8,0,18,42
广东,2022/9/5,9413,59,630,8775,31,8,0,17,41
广东,2022/9/4,9354,83,602,8744,19,8,0,26,61
广东,2022/9/3,9271,97,538,8725,17,8,0,24,79
广东,2022/9/2,9174,82,458,8708,37,8,0,40,63
广东,2022/9/1,9092,71,413,8671,30,8,0,41,55
广东,2022/8/31,9021,53,372,8641,21,8,0,34,40
广东,2022/8/30,8968,35,340,8620,29,8,0,21,25
广东,2022/8/29,8933,35,334,8591,30,8,0,12,24
广东,2022/8/28,8898,22,329,8561,32,8,0,3,9
广东,2022/8/27,8876,32,339,8529,22,8,0,4,12
广东,2022/8/26,8844,21,329,8507,37,8,0,2,6
广东,2022/8/25,8823,22,345,8470,40,8,0,4,4
广东,2022/8/24,8801,20,363,8430,31,8,0,2,4
广东,2022/8/23,8781,30,374,8399,32,8,0,5,17
广东,2022/8/22,8751,24,376,8367,24,8,0,1,7
广东,2022/8/21,8727,26,376,8343,20,8,0,11,9
广东,2022/8/20,8701,18,370,8323,34,8,0,9,18
广东,2022/8/19,8683,18,386,8289,21,8,0,7,5
广东,2022/8/18,8665,15,389,8268,16,8,0,1,6
广东,2022/8/17,8650,13,390,8252,27,8,0,2,3
广东,2022/8/16,8637,23,404,8225,18,8,0,2,6
广东,2022/8/15,8614,12,399,8207,24,8,0,8,9
广东,2022/8/14,8602,27,411,8183,18,8,0,4,12
广东,2022/8/13,8575,27,402,8165,23,8,0,1,12
广东,2022/8/12,8548,25,398,8142,23,8,0,11,12
广东,2022/8/11,8523,41,396,8119,14,8,0,14,15
广东,2022/8/10,8482,52,369,8105,12,8,0,5,24
广东,2022/8/9,8430,59,329,8093,18,8,0,7,39
广东,2022/8/8,8371,41,288,8075,21,8,0,13,24
广东,2022/8/7,8330,55,268,8054,22,8,0,6,37
广东,2022/8/6,8275,31,235,8032,15,8,0,5,12
广东,2022/8/5,8244,22,219,8017,44,8,0,2,11
广东,2022/8/4,8222,15,241,7973,25,8,0,0,1
广东,2022/8/3,8207,29,251,7948,27,8,0,0,0
广东,2022/8/2,8178,19,249,7921,25,8,0,1,0
广东,2022/8/1,8159,30,255,7896,39,8,0,1,0
广东,2022/7/31,8129,20,264,7857,25,8,0,1,1
广东,2022/7/30,8109,10,269,7832,24,8,0,2,1
广东,2022/7/29,8099,7,283,7808,16,8,0,2,1
广东,2022/7/28,8092,14,292,7792,29,8,0,3,3
广东,2022/7/27,8078,14,307,7763,27,8,0,8,4
广东,2022/7/26,8064,21,320,7736,31,8,0,4,3
广东,2022/7/25,8043,25,330,7705,36,8,0,17,6
广东,2022/7/24,8018,30,341,7669,29,8,0,13,11
广东,2022/7/23,7988,24,340,7640,31,8,0,10,11
广东,2022/7/22,7964,31,347,7609,16,8,0,9,23
广东,2022/7/21,7933,43,332,7593,25,8,0,13,10
广东,2022/7/20,7890,29,314,7568,16,8,0,6,18
广东,2022/7/19,7861,37,301,7552,10,8,0,8,20
广东,2022/7/18,7824,14,274,7542,38,8,0,9,5
广东,2022/7/17,7810,31,298,7504,11,8,0,10,4
广东,2022/7/16,7779,31,278,7493,14,8,0,9,21
广东,2022/7/15,7748,25,261,7479,13,8,0,26,15
广东,2022/7/14,7723,28,249,7466,15,8,0,39,17
广东,2022/7/13,7695,44,236,7451,5,8,0,11,32
广东,2022/7/12,7651,25,197,7446,12,8,0,6,16
广东,2022/7/11,7626,33,184,7434,6,8,0,20,22
广东,2022/7/10,7593,27,157,7428,12,8,0,15,17
广东,2022/7/9,7566,28,142,7416,6,8,0,8,17
广东,2022/7/8,7538,18,120,7410,6,8,0,2,6
广东,2022/7/7,7520,19,108,7404,9,8,0,4,3
广东,2022/7/6,7501,7,98,7395,2,8,0,2,2
广东,2022/7/5,7494,9,93,7393,8,8,0,1,0
广东,2022/7/4,7485,12,92,7385,9,8,0,2,1
广东,2022/7/3,7473,10,89,7376,6,8,0,0,1
广东,2022/7/2,7463,5,85,7370,4,8,0,0,0
广东,2022/7/1,7458,10,84,7366,9,8,0,1,0
广东,2022/6/30,7448,2,83,7357,6,8,0,2,0
广东,2022/6/29,7446,3,87,7351,8,8,0,2,2
广东,2022/6/28,7443,7,92,7343,6,8,0,2,1
广东,2022/6/27,7436,5,91,7337,8,8,0,4,1
广东,2022/6/26,7431,4,94,7329,3,8,0,3,0
广东,2022/6/25,7427,10,93,7326,3,8,0,4,1
广东,2022/6/24,7417,14,86,7323,1,8,0,2,5
广东,2022/6/23,7403,6,73,7322,2,8,0,4,1
广东,2022/6/22,7397,12,69,7320,2,8,0,3,0
广东,2022/6/21,7385,8,59,7318,2,8,0,0,1
广东,2022/6/20,7377,6,53,7316,1,8,0,2,0
广东,2022/6/19,7371,3,48,7315,0,8,0,0,0
广东,2022/6/18,7368,1,45,7315,5,8,0,2,0
广东,2022/6/17,7367,6,49,7310,1,8,0,0,0
广东,2022/6/16,7361,7,44,7309,5,8,0,0,0
广东,2022/6/15,7354,6,42,7304,2,8,0,0,0
广东,2022/6/14,7348,5,38,7302,5,8,0,0,0
广东,2022/6/13,7343,8,38,7297,3,8,0,0,0
广东,2022/6/12,7335,3,33,7294,3,8,0,0,0
广东,2022/6/11,7332,3,33,7291,2,8,0,0,0
广东,2022/6/10,7329,2,32,7289,1,8,0,0,0
广东,2022/6/9,7327,3,31,7288,1,8,0,0,0
广东,2022/6/8,7324,4,29,7287,4,8,0,0,0
广东,2022/6/7,7320,1,29,7283,2,8,0,0,0
广东,2022/6/6,7319,3,30,7281,3,8,0,0,0
广东,2022/6/5,7316,1,30,7278,6,8,0,0,0
广东,2022/6/4,7315,4,35,7272,2,8,0,0,0
广东,2022/6/3,7311,4,33,7270,3,8,0,0,0
广东,2022/6/2,7307,2,32,7267,4,8,0,0,0
广东,2022/6/1,7305,2,34,7263,4,8,0,0,0
广东,2022/5/31,7303,2,36,7259,9,8,0,0,0
广东,2022/5/30,7301,5,43,7250,8,8,0,0,0
广东,2022/5/29,7296,4,46,7242,5,8,0,0,0
广东,2022/5/28,7292,1,47,7237,10,8,0,0,0
广东,2022/5/27,7291,2,56,7227,12,8,0,0,0
广东,2022/5/26,7289,1,66,7215,6,8,0,0,0
广东,2022/5/25,7288,4,71,7209,8,8,0,0,0
广东,2022/5/24,7284,2,75,7201,17,8,0,0,0
广东,2022/5/23,7282,2,90,7184,15,8,0,0,0
广东,2022/5/22,7280,1,103,7169,4,8,0,1,0
广东,2022/5/21,7279,1,106,7165,16,8,0,0,1
广东,2022/5/20,7278,4,121,7149,13,8,0,2,0
广东,2022/5/19,7274,3,130,7136,20,8,0,0,3
广东,2022/5/18,7271,3,147,7116,13,8,0,1,1
广东,2022/5/17,7268,2,157,7103,7,8,0,1,0
广东,2022/5/16,7266,2,162,7096,19,8,0,0,0
广东,2022/5/15,7264,7,179,7077,24,8,0,2,5
广东,2022/5/14,7257,2,196,7053,15,8,0,0,1
广东,2022/5/13,7255,8,209,7038,13,8,0,2,4
广东,2022/5/12,7247,12,214,7025,11,8,0,3,11
广东,2022/5/11,7235,5,213,7014,17,8,0,2,3
广东,2022/5/10,7230,12,225,6997,6,8,0,10,10
广东,2022/5/9,7218,17,219,6991,8,8,0,6,15
广东,2022/5/8,7201,35,210,6983,9,8,0,12,28
广东,2022/5/7,7166,22,184,6974,14,8,0,3,21
广东,2022/5/6,7144,10,176,6960,10,8,0,1,8
广东,2022/5/5,7134,15,176,6950,12,8,0,1,13
广东,2022/5/4,7119,16,173,6938,11,8,0,6,13
广东,2022/5/3,7103,12,168,6927,13,8,0,4,12
广东,2022/5/2,7091,9,169,6914,20,8,0,5,7
广东,2022/5/1,7082,28,180,6894,32,8,0,2,29
广东,2022/4/30,7054,21,184,6862,13,8,0,7,21
广东,2022/4/29,7033,29,176,6849,16,8,0,16,28
广东,2022/4/28,7004,10,163,6833,19,8,0,7,7
广东,2022/4/27,6994,1,172,6814,30,8,0,0,0
广东,2022/4/26,6993,1,201,6784,35,8,0,0,0
广东,2022/4/25,6992,6,235,6749,28,8,0,0,2
广东,2022/4/24,6986,5,257,6721,17,8,0,0,3
广东,2022/4/23,6981,9,269,6704,15,8,0,0,4
广东,2022/4/22,6972,11,275,6689,17,8,0,2,8
广东,2022/4/21,6961,6,281,6672,17,8,0,1,5
广东,2022/4/20,6955,9,292,6655,12,8,0,4,8
广东,2022/4/19,6946,15,295,6643,10,8,0,6,15
广东,2022/4/18,6931,24,290,6633,12,8,0,5,20
广东,2022/4/17,6907,28,278,6621,7,8,0,10,25
广东,2022/4/16,6879,32,257,6614,8,8,0,11,29
广东,2022/4/15,6847,26,233,6606,11,8,0,0,24
广东,2022/4/14,6821,24,218,6595,11,8,0,0,22
广东,2022/4/13,6797,48,205,6584,11,8,0,0,47
广东,2022/4/12,6749,26,168,6573,24,8,0,0,22
广东,2022/4/11,6723,20,166,6549,17,8,0,0,16
广东,2022/4/10,6703,22,163,6532,16,8,0,0,19
广东,2022/4/9,6681,17,157,6516,19,8,0,0,10
广东,2022/4/8,6664,9,159,6497,21,8,0,0,5
广东,2022/4/7,6655,12,171,6476,16,8,0,0,7
广东,2022/4/6,6643,1,175,6460,31,8,0,0,0
广东,2022/4/5,6642,13,205,6429,54,8,0,0,7
广东,2022/4/4,6629,8,246,6375,64,8,0,0,3
广东,2022/4/3,6621,13,302,6311,91,8,0,0,5
广东,2022/4/2,6608,12,380,6220,66,8,0,0,2
广东,2022/4/1,6596,4,434,6154,76,8,0,0,0
广东,2022/3/31,6592,6,506,6078,84,8,0,0,4
广东,2022/3/30,6586,14,584,5994,148,8,0,0,14
广东,2022/3/29,6572,15,718,5846,87,8,0,0,2
广东,2022/3/28,6557,11,790,5759,79,8,0,0,11
广东,2022/3/27,6546,10,858,5680,60,8,0,0,4
广东,2022/3/26,6536,10,908,5620,81,8,0,0,2
广东,2022/3/25,6526,11,979,5539,67,8,0,0,4
广东,2022/3/24,6515,15,1035,5472,83,8,0,0,4
广东,2022/3/23,6500,16,1103,5389,36,8,0,0,8
广东,2022/3/22,6484,23,1123,5353,69,8,0,0,15
广东,2022/3/21,6461,37,1169,5284,129,8,0,0,25
广东,2022/3/20,6424,45,1261,5155,152,8,0,0,38
广东,2022/3/19,6379,73,1368,5003,97,8,0,0,51
广东,2022/3/18,6306,65,1392,4906,380,8,0,0,47
广东,2022/3/17,6241,89,1707,4526,156,8,0,0,74
广东,2022/3/16,6152,104,1774,4370,90,8,0,0,83
广东,2022/3/15,6048,80,1760,4280,54,8,0,0,59
广东,2022/3/14,5968,68,1734,4226,35,8,0,0,48
广东,2022/3/13,5900,121,1701,4191,26,8,0,0,79
广东,2022/3/12,5779,96,1606,4165,48,8,0,0,62
广东,2022/3/11,5683,63,1558,4117,27,8,0,0,33
广东,2022/3/10,5620,62,1522,4090,0,8,0,0,11
广东,2022/3/9,5558,50,1460,4090,56,8,0,0,17
广东,2022/3/8,5508,46,1466,4034,33,8,0,0,7
广东,2022/3/7,5462,92,1453,4001,17,8,0,0,45
广东,2022/3/6,5370,120,1378,3984,21,8,0,0,69
广东,2022/3/5,5250,92,1279,3963,16,8,0,0,20
广东,2022/3/4,5158,125,1203,3947,14,8,0,0,46
广东,2022/3/3,5033,139,1092,3933,26,8,0,0,22
广东,2022/3/2,4894,94,979,3907,8,8,0,0,28
广东,2022/3/1,4800,115,893,3899,8,8,0,0,32
广东,2022/2/28,4685,75,786,3891,12,8,0,0,31
广东,2022/2/27,4610,93,723,3879,9,8,0,0,40
广东,2022/2/26,4517,83,639,3870,16,8,0,0,48
广东,2022/2/25,4434,89,572,3854,16,8,0,0,30
广东,2022/2/24,4345,60,499,3838,15,8,0,0,8
广东,2022/2/23,4285,52,454,3823,11,8,0,0,8
广东,2022/2/22,4233,45,413,3812,12,8,0,0,7
广东,2022/2/21,4188,25,380,3800,7,8,0,0,3
广东,2022/2/20,4163,26,362,3793,11,8,0,0,6
广东,2022/2/19,4137,40,347,3782,10,8,0,0,8
广东,2022/2/18,4097,25,317,3772,16,8,0,0,3
广东,2022/2/17,4072,25,308,3756,12,8,0,0,4
广东,2022/2/16,4047,29,295,3744,10,8,0,0,7
广东,2022/2/15,4018,27,276,3734,17,8,0,0,3
广东,2022/2/14,3991,18,266,3717,12,8,0,0,2
广东,2022/2/13,3973,28,260,3705,7,8,0,0,28
广东,2022/2/12,3945,20,239,3698,5,8,0,0,1
广东,2022/2/11,3925,24,224,3693,10,8,0,0,0
广东,2022/2/10,3901,15,210,3683,8,8,0,0,0
广东,2022/2/9,3886,9,203,3675,6,8,0,0,0
广东,2022/2/8,3877,18,200,3669,5,8,0,0,0
广东,2022/2/7,3859,18,187,3664,9,8,0,0,0
广东,2022/2/6,3841,25,178,3655,10,8,0,0,4
广东,2022/2/5,3816,8,163,3645,11,8,0,0,1
广东,2022/2/4,3808,10,166,3634,9,8,0,0,6
广东,2022/2/3,3798,13,165,3625,10,8,0,0,5
广东,2022/2/2,3785,13,162,3615,20,8,0,0,9
广东,2022/2/1,3772,11,169,3595,23,8,0,0,6
广东,2022/1/31,3761,9,181,3572,18,8,0,0,1
广东,2022/1/30,3752,7,190,3554,21,8,0,0,0
广东,2022/1/29,3745,2,204,3533,5,8,0,0,0
广东,2022/1/28,3743,6,207,3528,5,8,0,0,0
广东,2022/1/27,3737,7,206,3523,7,8,0,0,0
广东,2022/1/26,3730,3,206,3516,11,8,0,0,3
广东,2022/1/25,3727,1,214,3505,6,8,0,0,1
广东,2022/1/24,3726,2,219,3499,7,8,0,0,2
广东,2022/1/23,3724,6,224,3492,10,8,0,0,1
广东,2022/1/22,3718,8,228,3482,10,8,0,0,3
广东,2022/1/21,3710,7,230,3472,15,8,0,0,3
广东,2022/1/20,3703,14,238,3457,8,8,0,0,4
广东,2022/1/19,3689,5,232,3449,4,8,0,0,2
广东,2022/1/18,3684,9,231,3445,13,8,0,0,7
广东,2022/1/17,3675,18,235,3432,17,8,0,0,5
广东,2022/1/16,3657,17,234,3415,7,8,0,0,9
广东,2022/1/15,3640,15,224,3408,8,8,0,0,1
广东,2022/1/14,3625,13,217,3400,3,8,0,0,8
广东,2022/1/13,3612,10,207,3397,5,8,0,0,0
广东,2022/1/12,3602,18,202,3392,6,8,0,0,0
广东,2022/1/11,3584,27,190,3386,5,8,0,0,0
广东,2022/1/10,3557,18,168,3381,4,8,0,0,0
广东,2022/1/9,3539,9,154,3377,2,8,0,0,0
广东,2022/1/8,3530,9,147,3375,8,8,0,0,0
广东,2022/1/7,3521,9,146,3367,6,8,0,0,0
广东,2022/1/6,3512,9,143,3361,0,8,0,0,0
广东,2022/1/5,3503,10,134,3361,3,8,0,0,0
广东,2022/1/4,3493,7,127,3358,4,8,0,0,0
广东,2022/1/3,3486,13,124,3354,2,8,0,0,0
广东,2022/1/2,3473,6,113,3352,6,8,0,0,0
广东,2022/1/1,3467,10,113,3346,4,8,0,0,0
广东,2021/12/31,3457,11,107,3342,0,8,0,0,0
广东,2021/12/30,3446,3,96,3342,2,8,0,0,0
广东,2021/12/29,3443,10,95,3340,2,8,0,0,0
广东,2021/12/28,3433,4,87,3338,1,8,0,0,0
广东,2021/12/27,3429,2,84,3337,6,8,0,0,0
广东,2021/12/26,3427,6,88,3331,3,8,0,0,0
广东,2021/12/25,3421,2,85,3328,5,8,0,0,0
广东,2021/12/24,3419,6,88,3323,4,8,0,0,0
广东,2021/12/23,3413,5,86,3319,4,8,0,0,0
广东,2021/12/22,3408,9,85,3315,5,8,0,0,0
广东,2021/12/21,3399,5,81,3310,5,8,0,0,0
广东,2021/12/20,3394,10,81,3305,6,8,0,0,0
广东,2021/12/19,3384,10,77,3299,7,8,0,0,0
广东,2021/12/18,3374,8,74,3292,1,8,0,0,0
广东,2021/12/17,3366,7,67,3291,2,8,0,0,0
广东,2021/12/16,3359,6,62,3289,0,8,0,0,0
广东,2021/12/15,3353,6,56,3289,1,8,0,0,0
广东,2021/12/14,3347,4,51,3288,1,8,0,0,0
广东,2021/12/13,3343,4,48,3287,2,8,0,0,0
广东,2021/12/12,3339,5,46,3285,5,8,0,0,0
广东,2021/12/11,3334,1,46,3280,2,8,0,0,0
广东,2021/12/10,3333,0,47,3278,5,8,0,0,0
广东,2021/12/9,3333,0,52,3273,2,8,0,0,0
广东,2021/12/8,3333,3,54,3271,1,8,0,0,0
广东,2021/12/7,3330,3,52,3270,7,8,0,0,0
广东,2021/12/6,3327,3,56,3263,3,8,0,0,0
广东,2021/12/5,3324,1,56,3260,3,8,0,0,0
广东,2021/12/4,3323,1,58,3257,6,8,0,0,0
广东,2021/12/3,3322,4,63,3251,0,8,0,0,0
广东,2021/12/2,3318,3,59,3251,2,8,0,0,0
广东,2021/12/1,3315,1,58,3249,1,8,0,0,0
广东,2021/11/30,3314,4,58,3248,4,8,0,0,0
广东,2021/11/29,3310,9,58,3244,0,8,0,0,0
广东,2021/11/28,3301,4,49,3244,3,8,0,0,0
广东,2021/11/27,3297,3,48,3241,1,8,0,0,0
广东,2021/11/26,3294,3,46,3240,3,8,0,0,0
广东,2021/11/25,3291,6,46,3237,4,8,0,0,0
广东,2021/11/24,3285,4,44,3233,1,8,0,0,0
广东,2021/11/23,3281,2,41,3232,1,8,0,0,0
广东,2021/11/22,3279,5,40,3231,1,8,0,0,0
广东,2021/11/21,3274,2,36,3230,2,8,0,0,0
广东,2021/11/20,3272,3,36,3228,1,8,0,0,0
广东,2021/11/19,3269,2,34,3227,3,8,0,0,0
广东,2021/11/18,3267,3,35,3224,0,8,0,0,0
广东,2021/11/17,3264,4,32,3224,3,8,0,0,0
广东,2021/11/16,3260,1,31,3221,5,8,0,0,0
广东,2021/11/15,3259,2,35,3216,0,8,0,0,0
广东,2021/11/14,3257,4,33,3216,5,8,0,0,0
广东,2021/11/13,3253,1,34,3211,0,8,0,0,0
广东,2021/11/12,3252,1,33,3211,3,8,0,0,0
广东,2021/11/11,3251,2,35,3208,6,8,0,0,0
广东,2021/11/10,3249,1,39,3202,8,8,0,0,0
广东,2021/11/9,3248,1,46,3194,0,8,0,0,0
广东,2021/11/8,3247,4,45,3194,1,8,0,0,0
广东,2021/11/7,3243,3,42,3193,1,8,0,0,0
广东,2021/11/6,3240,3,40,3192,2,8,0,0,0
广东,2021/11/5,3237,3,39,3190,2,8,0,0,0
广东,2021/11/4,3234,1,38,3188,2,8,0,0,0
广东,2021/11/3,3233,3,39,3186,1,8,0,0,0
广东,2021/11/2,3230,4,37,3185,1,8,0,0,0
广东,2021/11/1,3226,2,34,3184,0,8,0,0,0
广东,2021/10/31,3224,0,32,3184,4,8,0,0,0
广东,2021/10/30,3224,1,36,3180,1,8,0,0,0
广东,2021/10/29,3223,2,36,3179,1,8,0,0,0
广东,2021/10/28,3221,4,35,3178,2,8,0,0,0
广东,2021/10/27,3217,0,33,3176,1,8,0,0,0
广东,2021/10/26,3217,2,34,3175,1,8,0,0,0
广东,2021/10/25,3215,4,33,3174,2,8,0,0,0
广东,2021/10/24,3211,0,31,3172,0,8,0,0,0
广东,2021/10/23,3211,1,31,3172,1,8,0,0,0
广东,2021/10/22,3210,1,31,3171,1,8,0,0,0
广东,2021/10/21,3209,1,31,3170,1,8,0,0,0
广东,2021/10/20,3208,1,31,3169,5,8,0,0,0
广东,2021/10/19,3207,3,35,3164,4,8,0,0,0
广东,2021/10/18,3204,3,36,3160,3,8,0,0,0
广东,2021/10/17,3201,2,36,3157,0,8,0,0,0
广东,2021/10/16,3199,0,34,3157,0,8,0,0,0
广东,2021/10/15,3199,0,34,3157,2,8,0,0,0
广东,2021/10/14,3199,0,36,3155,2,8,0,0,0
广东,2021/10/13,3199,2,38,3153,1,8,0,0,0
广东,2021/10/12,3197,2,37,3152,2,8,0,0,0
广东,2021/10/11,3195,0,37,3150,4,8,0,0,0
广东,2021/10/10,3195,2,41,3146,3,8,0,0,0
广东,2021/10/9,3193,0,42,3143,6,8,0,0,0
广东,2021/10/8,3193,0,48,3137,0,8,0,0,0
广东,2021/10/7,3193,2,48,3137,6,8,0,0,0
广东,2021/10/6,3191,0,52,3131,4,8,0,0,0
广东,2021/10/5,3191,0,56,3127,3,8,0,0,0
广东,2021/10/4,3191,4,59,3124,3,8,0,0,0
广东,2021/10/3,3187,4,58,3121,4,8,0,0,0
广东,2021/10/2,3183,3,58,3117,4,8,0,0,0
广东,2021/10/1,3180,3,59,3113,4,8,0,0,0
广东,2021/9/30,3177,6,60,3109,1,8,0,0,0
广东,2021/9/29,3171,3,55,3108,1,8,0,0,0
广东,2021/9/28,3168,1,53,3107,0,8,0,0,0
广东,2021/9/27,3167,3,52,3107,2,8,0,0,0
广东,2021/9/26,3164,1,51,3105,2,8,0,0,0
广东,2021/9/25,3163,4,52,3103,3,8,0,0,0
广东,2021/9/24,3159,9,51,3100,0,8,0,0,0
广东,2021/9/23,3150,1,42,3100,2,8,0,0,0
广东,2021/9/22,3149,2,43,3098,4,8,0,0,0
广东,2021/9/21,3147,2,45,3094,3,8,0,0,0
广东,2021/9/20,3145,3,46,3091,5,8,0,0,0
广东,2021/9/19,3142,0,48,3086,4,8,0,0,0
广东,2021/9/18,3142,2,52,3082,3,8,0,0,0
广东,2021/9/17,3140,3,53,3079,9,8,0,0,0
广东,2021/9/16,3137,2,59,3070,5,8,0,0,0
广东,2021/9/15,3135,3,62,3065,6,8,0,0,0
广东,2021/9/14,3132,4,65,3059,6,8,0,0,0
广东,2021/9/13,3128,8,67,3053,6,8,0,0,0
广东,2021/9/12,3120,3,65,3047,7,8,0,0,0
广东,2021/9/11,3117,6,69,3040,4,8,0,0,0
广东,2021/9/10,3111,2,67,3036,5,8,0,0,0
广东,2021/9/9,3109,5,70,3031,7,8,0,0,0
广东,2021/9/8,3104,4,72,3024,4,8,0,0,0
广东,2021/9/7,3100,4,72,3020,4,8,0,0,0
广东,2021/9/6,3096,2,72,3016,1,8,0,0,0
广东,2021/9/5,3094,7,71,3015,9,8,0,0,0
广东,2021/9/4,3087,4,73,3006,4,8,0,0,0
广东,2021/9/3,3083,4,73,3002,3,8,0,0,0
广东,2021/9/2,3079,5,72,2999,4,8,0,0,0
广东,2021/9/1,3074,9,71,2995,5,8,0,0,0
广东,2021/8/31,3065,6,67,2990,5,8,0,0,0
广东,2021/8/30,3059,4,66,2985,10,8,0,0,0
广东,2021/8/29,3055,9,72,2975,9,8,0,0,0
广东,2021/8/28,3046,3,72,2966,11,8,0,0,0
广东,2021/8/27,3043,3,80,2955,8,8,0,0,0
广东,2021/8/26,3040,17,85,2947,10,8,0,0,0
广东,2021/8/25,3023,0,78,2937,0,8,0,0,0
广东,2021/8/24,3023,3,78,2937,2,8,0,0,0
广东,2021/8/23,3020,8,77,2935,10,8,0,0,0
广东,2021/8/22,3012,5,79,2925,9,8,0,0,0
广东,2021/8/21,3007,6,83,2916,5,8,0,0,0
广东,2021/8/20,3001,4,82,2911,4,8,0,0,0
广东,2021/8/19,2997,9,82,2907,12,8,0,0,0
广东,2021/8/18,2988,10,85,2895,13,8,0,0,0
广东,2021/8/17,2978,1,88,2882,8,8,0,0,0
广东,2021/8/16,2977,9,95,2874,3,8,0,0,0
广东,2021/8/15,2968,5,89,2871,2,8,0,0,0
广东,2021/8/14,2963,13,86,2869,10,8,0,0,0
广东,2021/8/13,2950,3,83,2859,3,8,0,0,0
广东,2021/8/12,2947,9,83,2856,6,8,0,0,0
广东,2021/8/11,2938,5,80,2850,4,8,0,0,0
广东,2021/8/10,2933,2,79,2846,4,8,0,0,0
广东,2021/8/9,2931,8,81,2842,3,8,0,0,0
广东,2021/8/8,2923,8,76,2839,7,8,0,0,0
广东,2021/8/7,2915,3,75,2832,2,8,0,0,0
广东,2021/8/6,2912,3,74,2830,4,8,0,0,0
广东,2021/8/5,2909,13,75,2826,4,8,0,0,0
广东,2021/8/4,2896,2,66,2822,6,8,0,0,0
广东,2021/8/3,2894,2,70,2816,5,8,0,0,0
广东,2021/8/2,2892,6,73,2811,2,8,0,0,0
广东,2021/8/1,2886,2,69,2809,2,8,0,0,0
广东,2021/7/31,2884,2,69,2807,5,8,0,0,0
广东,2021/7/30,2882,1,72,2802,1,8,0,0,0
广东,2021/7/29,2881,9,72,2801,3,8,0,0,0
广东,2021/7/28,2872,3,66,2798,5,8,0,0,0
广东,2021/7/27,2869,3,68,2793,5,8,0,0,0
广东,2021/7/26,2866,13,70,2788,9,8,0,0,0
广东,2021/7/25,2853,8,66,2779,8,8,0,0,0
广东,2021/7/24,2845,6,66,2771,7,8,0,0,0
广东,2021/7/23,2839,5,67,2764,5,8,0,0,0
广东,2021/7/22,2834,14,67,2759,5,8,0,0,0
广东,2021/7/21,2820,7,58,2754,3,8,0,0,0
广东,2021/7/20,2813,1,54,2751,6,8,0,0,0
广东,2021/7/19,2812,4,59,2745,4,8,0,0,0
广东,2021/7/18,2808,8,59,2741,6,8,0,0,0
广东,2021/7/17,2800,4,57,2735,3,8,0,0,0
广东,2021/7/16,2796,1,56,2732,8,8,0,0,0
广东,2021/7/15,2795,4,63,2724,3,8,0,0,0
广东,2021/7/14,2791,12,62,2721,4,8,0,0,0
广东,2021/7/13,2779,2,54,2717,9,8,0,0,0
广东,2021/7/12,2777,3,61,2708,4,8,0,0,0
广东,2021/7/11,2774,3,62,2704,5,8,0,0,0
广东,2021/7/10,2771,1,64,2699,8,8,0,0,0
广东,2021/7/9,2770,1,71,2691,5,8,0,0,0
广东,2021/7/8,2769,3,75,2686,9,8,0,0,0
广东,2021/7/7,2766,2,81,2677,20,8,0,0,0
广东,2021/7/6,2764,5,99,2657,9,8,0,0,0
广东,2021/7/5,2759,3,103,2648,23,8,0,0,0
广东,2021/7/4,2756,5,123,2625,6,8,0,0,0
广东,2021/7/3,2751,3,124,2619,9,8,0,0,0
广东,2021/7/2,2748,3,130,2610,17,8,0,0,0
广东,2021/7/1,2745,8,144,2593,10,8,0,0,0
广东,2021/6/30,2737,0,146,2583,12,8,0,0,0
广东,2021/6/29,2737,1,158,2571,6,8,0,0,0
广东,2021/6/28,2736,3,163,2565,7,8,0,0,0
广东,2021/6/27,2733,5,167,2558,6,8,0,0,0
广东,2021/6/26,2728,1,168,2552,14,8,0,0,0
广东,2021/6/25,2727,4,181,2538,12,8,0,0,0
广东,2021/6/24,2723,6,189,2526,18,8,0,0,0
广东,2021/6/23,2717,8,201,2508,16,8,0,0,0
广东,2021/6/22,2709,3,209,2492,15,8,0,0,0
广东,2021/6/21,2706,7,221,2477,16,8,0,0,0
广东,2021/6/20,2699,7,230,2461,2,8,0,0,0
广东,2021/6/19,2692,12,225,2459,9,8,0,0,0
广东,2021/6/18,2680,14,222,2450,8,8,0,0,0
广东,2021/6/17,2666,9,216,2442,11,8,0,0,0
广东,2021/6/16,2657,7,218,2431,2,8,0,0,0
广东,2021/6/15,2650,15,213,2429,4,8,0,0,0
广东,2021/6/14,2635,10,202,2425,2,8,0,0,0
广东,2021/6/13,2625,7,194,2423,4,8,0,0,0
广东,2021/6/12,2618,13,191,2419,4,8,0,0,0
广东,2021/6/11,2605,12,182,2415,8,8,0,0,0
广东,2021/6/10,2593,11,178,2407,3,8,0,0,0
广东,2021/6/9,2582,9,170,2404,3,8,0,0,0
广东,2021/6/8,2573,9,164,2401,2,8,0,0,0
广东,2021/6/7,2564,22,157,2399,1,8,0,0,0
广东,2021/6/6,2542,8,136,2398,2,8,0,0,0
广东,2021/6/5,2534,9,130,2396,8,8,0,0,0
广东,2021/6/4,2525,16,129,2388,0,8,0,0,0
广东,2021/6/3,2509,11,113,2388,0,8,0,0,0
广东,2021/6/2,2498,17,102,2388,0,8,0,0,0
广东,2021/6/1,2481,13,85,2388,3,8,0,0,0
广东,2021/5/31,2468,13,75,2385,2,8,0,0,0
广东,2021/5/30,2455,23,64,2383,2,8,0,0,0
广东,2021/5/29,2432,1,43,2381,4,8,0,0,0
广东,2021/5/28,2431,3,46,2377,2,8,0,0,0
广东,2021/5/27,2428,1,45,2375,4,8,0,0,0
广东,2021/5/26,2427,14,48,2371,5,8,0,0,0
广东,2021/5/25,2413,1,39,2366,3,8,0,0,0
广东,2021/5/24,2412,0,41,2363,4,8,0,0,0
广东,2021/5/23,2412,3,45,2359,2,8,0,0,0
广东,2021/5/22,2409,3,44,2357,2,8,0,0,0
广东,2021/5/21,2406,6,43,2355,1,8,0,0,0
广东,2021/5/20,2400,1,38,2354,0,8,0,0,0
广东,2021/5/19,2399,1,37,2354,4,8,0,0,0
广东,2021/5/18,2398,1,40,2350,4,8,0,0,0
广东,2021/5/17,2397,1,43,2346,3,8,0,0,0
广东,2021/5/16,2396,4,45,2343,12,8,0,0,0
广东,2021/5/15,2392,5,53,2331,0,8,0,0,0
广东,2021/5/14,2387,1,48,2331,7,8,0,0,0
广东,2021/5/13,2386,3,54,2324,3,8,0,0,0
广东,2021/5/12,2383,2,54,2321,5,8,0,0,0
广东,2021/5/11,2381,8,57,2316,2,8,0,0,0
广东,2021/5/10,2373,1,51,2314,0,8,0,0,0
广东,2021/5/9,2372,2,50,2314,7,8,0,0,0
广东,2021/5/8,2370,5,55,2307,1,8,0,0,0
广东,2021/5/7,2365,0,51,2306,2,8,0,0,0
广东,2021/5/6,2365,5,53,2304,7,8,0,0,0
广东,2021/5/5,2360,1,55,2297,3,8,0,0,0
广东,2021/5/4,2359,1,57,2294,2,8,0,0,0
广东,2021/5/3,2358,4,58,2292,1,8,0,0,0
广东,2021/5/2,2354,4,55,2291,4,8,0,0,0
广东,2021/5/1,2350,6,55,2287,0,8,0,0,0
广东,2021/4/30,2344,7,49,2287,4,8,0,0,0
广东,2021/4/29,2337,2,46,2283,-4,8,0,0,0
广东,2021/4/28,2335,1,40,2287,1,8,0,0,0
广东,2021/4/27,2334,3,40,2286,1,8,0,0,0
广东,2021/4/26,2331,2,38,2285,5,8,0,0,0
广东,2021/4/25,2329,1,41,2280,0,8,0,0,0
广东,2021/4/24,2328,0,40,2280,5,8,0,0,0
广东,2021/4/23,2328,1,45,2275,3,8,0,0,0
广东,2021/4/22,2327,5,47,2272,0,8,0,0,0
广东,2021/4/21,2322,2,42,2272,0,8,0,0,0
广东,2021/4/20,2320,1,40,2272,4,8,0,0,0
广东,2021/4/19,2319,0,43,2268,4,8,0,0,0
广东,2021/4/18,2319,2,47,2264,2,8,0,0,0
广东,2021/4/17,2317,4,47,2262,3,8,0,0,0
广东,2021/4/16,2313,3,46,2259,2,8,0,0,0
广东,2021/4/15,2310,2,45,2257,1,8,0,0,0
广东,2021/4/14,2308,4,44,2256,2,8,0,0,0
广东,2021/4/13,2304,3,42,2254,0,8,0,0,0
广东,2021/4/12,2301,2,39,2254,1,8,0,0,0
广东,2021/4/11,2299,3,38,2253,4,8,0,0,0
广东,2021/4/10,2296,1,39,2249,0,8,0,0,0
广东,2021/4/9,2295,0,38,2249,4,8,0,0,0
广东,2021/4/8,2295,4,42,2245,3,8,0,0,0
广东,2021/4/7,2291,1,41,2242,0,8,0,0,0
广东,2021/4/6,2290,1,40,2242,0,8,0,0,0
广东,2021/4/5,2289,2,39,2242,3,8,0,0,0
广东,2021/4/4,2287,0,40,2239,0,8,0,0,0
广东,2021/4/3,2287,2,40,2239,2,8,0,0,0
广东,2021/4/2,2285,3,40,2237,1,8,0,0,0
广东,2021/4/1,2282,0,38,2236,1,8,0,0,0
广东,2021/3/31,2282,3,39,2235,2,8,0,0,0
广东,2021/3/30,2279,2,38,2233,0,8,0,0,0
广东,2021/3/29,2277,2,36,2233,1,8,0,0,0
广东,2021/3/28,2275,8,35,2232,2,8,0,0,0
广东,2021/3/27,2267,1,29,2230,1,8,0,0,0
广东,2021/3/26,2266,1,29,2229,3,8,0,0,0
广东,2021/3/25,2265,2,31,2226,4,8,0,0,0
广东,2021/3/24,2263,4,33,2222,3,8,0,0,0
广东,2021/3/23,2259,2,32,2219,1,8,0,0,0
广东,2021/3/22,2257,4,31,2218,1,8,0,0,0
广东,2021/3/21,2253,1,28,2217,1,8,0,0,0
广东,2021/3/20,2252,1,28,2216,3,8,0,0,0
广东,2021/3/19,2251,2,30,2213,1,8,0,0,0
广东,2021/3/18,2249,3,29,2212,6,8,0,0,0
广东,2021/3/17,2246,1,32,2206,3,8,0,0,0
广东,2021/3/16,2245,0,34,2203,1,8,0,0,0
广东,2021/3/15,2245,0,35,2202,3,8,0,0,0
广东,2021/3/14,2245,1,38,2199,7,8,0,0,0
广东,2021/3/13,2244,1,44,2192,2,8,0,0,0
广东,2021/3/12,2243,3,45,2190,1,8,0,0,0
广东,2021/3/11,2240,2,43,2189,4,8,0,0,0
广东,2021/3/10,2238,2,45,2185,1,8,0,0,0
广东,2021/3/9,2236,1,44,2184,2,8,0,0,0
广东,2021/3/8,2235,2,45,2182,2,8,0,0,0
广东,2021/3/7,2233,4,45,2180,2,8,0,0,0
广东,2021/3/6,2229,4,43,2178,5,8,0,0,0
广东,2021/3/5,2225,3,44,2173,6,8,0,0,0
广东,2021/3/4,2222,1,47,2167,1,8,0,0,0
广东,2021/3/3,2221,3,47,2166,4,8,0,0,0
广东,2021/3/2,2218,3,48,2162,3,8,0,0,0
广东,2021/3/1,2215,3,48,2159,1,8,0,0,0
广东,2021/2/28,2212,6,46,2158,3,8,0,0,0
广东,2021/2/27,2206,1,43,2155,0,8,0,0,0
广东,2021/2/26,2205,5,42,2155,1,8,0,0,0
广东,2021/2/25,2200,2,38,2154,8,8,0,0,0
广东,2021/2/24,2198,1,44,2146,5,8,0,0,0
广东,2021/2/23,2197,1,48,2141,1,8,0,0,0
广东,2021/2/22,2196,9,48,2140,3,8,0,0,0
广东,2021/2/21,2187,3,42,2137,3,8,0,0,0
广东,2021/2/20,2184,1,42,2134,8,8,0,0,0
广东,2021/2/19,2183,3,49,2126,5,8,0,0,0
广东,2021/2/18,2180,0,51,2121,9,8,0,0,0
广东,2021/2/17,2180,3,60,2112,0,8,0,0,0
广东,2021/2/16,2177,6,57,2112,4,8,0,0,0
广东,2021/2/15,2171,8,55,2108,3,8,0,0,0
广东,2021/2/14,2163,4,50,2105,4,8,0,0,0
广东,2021/2/13,2159,2,50,2101,3,8,0,0,0
广东,2021/2/12,2157,3,51,2098,1,8,0,0,0
广东,2021/2/11,2154,2,49,2097,0,8,0,0,0
广东,2021/2/10,2152,1,47,2097,3,8,0,0,0
广东,2021/2/9,2151,0,49,2094,3,8,0,0,0
广东,2021/2/8,2151,7,52,2091,3,8,0,0,0
广东,2021/2/7,2144,9,48,2088,5,8,0,0,0
广东,2021/2/6,2135,0,44,2083,0,8,0,0,0
广东,2021/2/5,2135,1,44,2083,2,8,0,0,0
广东,2021/2/4,2134,2,45,2081,3,8,0,0,0
广东,2021/2/3,2132,3,46,2078,1,8,0,0,0
广东,2021/2/2,2129,2,44,2077,0,8,0,0,0
广东,2021/2/1,2127,3,42,2077,12,8,0,0,0
广东,2021/1/31,2124,0,51,2065,0,8,0,0,0
广东,2021/1/30,2124,3,51,2065,5,8,0,0,0
广东,2021/1/29,2121,5,53,2060,1,8,0,0,0
广东,2021/1/28,2116,0,49,2059,0,8,0,0,0
广东,2021/1/27,2116,1,49,2059,2,8,0,0,0
广东,2021/1/26,2115,7,50,2057,0,8,0,0,0
广东,2021/1/25,2108,2,43,2057,2,8,0,0,0
广东,2021/1/24,2106,2,43,2055,2,8,0,0,0
广东,2021/1/23,2104,5,43,2053,1,8,0,0,0
广东,2021/1/22,2099,1,39,2052,3,8,0,0,0
广东,2021/1/21,2098,5,41,2049,5,8,0,0,0
广东,2021/1/20,2093,0,41,2044,0,8,0,0,0
广东,2021/1/19,2093,3,41,2044,5,8,0,0,0
广东,2021/1/18,2090,3,43,2039,4,8,0,0,0
广东,2021/1/17,2087,1,44,2035,1,8,0,0,0
广东,2021/1/16,2086,2,44,2034,2,8,0,0,0
广东,2021/1/15,2084,3,44,2032,2,8,0,0,0
广东,2021/1/14,2081,3,43,2030,2,8,0,0,0
广东,2021/1/13,2078,0,42,2028,0,8,0,0,0
广东,2021/1/12,2078,3,42,2028,4,8,0,0,0
广东,2021/1/11,2075,7,43,2024,2,8,0,0,0
广东,2021/1/10,2068,0,38,2022,0,8,0,0,0
广东,2021/1/9,2068,1,38,2022,0,8,0,0,0
广东,2021/1/8,2067,2,37,2022,2,8,0,0,0
广东,2021/1/7,2065,5,37,2020,5,8,0,0,0
广东,2021/1/6,2060,0,37,2015,0,8,0,0,0
广东,2021/1/5,2060,3,37,2015,1,8,0,0,0
广东,2021/1/4,2057,4,35,2014,2,8,0,0,0
广东,2021/1/3,2053,2,33,2012,0,8,0,0,0
广东,2021/1/2,2051,2,31,2012,1,8,0,0,0
广东,2021/1/1,2049,3,30,2011,1,8,0,0,0
广东,2020/12/31,2046,2,28,2010,2,8,0,0,0
广东,2020/12/30,2044,3,28,2008,0,8,0,0,0
广东,2020/12/29,2041,1,25,2008,0,8,0,0,0
广东,2020/12/28,2040,1,24,2008,5,8,0,0,0
广东,2020/12/27,2039,1,28,2003,5,8,0,0,0
广东,2020/12/26,2038,0,32,1998,2,8,0,0,0
广东,2020/12/25,2038,2,34,1996,3,8,0,0,0
广东,2020/12/24,2036,0,35,1993,0,8,0,0,0
广东,2020/12/23,2036,1,35,1993,7,8,0,0,0
广东,2020/12/22,2035,4,41,1986,6,8,0,0,0
广东,2020/12/21,2031,0,43,1980,0,8,0,0,0
广东,2020/12/20,2031,3,43,1980,1,8,0,0,0
广东,2020/12/19,2028,1,41,1979,2,8,0,0,0
广东,2020/12/18,2027,1,42,1977,3,8,0,0,0
广东,2020/12/17,2026,4,44,1974,1,8,0,0,0
广东,2020/12/16,2022,1,41,1973,0,8,0,0,0
广东,2020/12/15,2021,3,40,1973,0,8,0,0,0
广东,2020/12/14,2018,1,37,1973,0,8,0,0,0
广东,2020/12/13,2017,1,36,1973,1,8,0,0,0
广东,2020/12/12,2016,1,36,1972,2,8,0,0,0
广东,2020/12/11,2015,2,37,1970,1,8,0,0,0
广东,2020/12/10,2013,3,36,1969,1,8,0,0,0
广东,2020/12/9,2010,1,34,1968,2,8,0,0,0
广东,2020/12/8,2009,2,35,1966,2,8,0,0,0
广东,2020/12/7,2007,3,35,1964,4,8,0,0,0
广东,2020/12/6,2004,2,36,1960,4,8,0,0,0
广东,2020/12/5,2002,2,38,1956,0,8,0,0,0
广东,2020/12/4,2000,3,36,1956,3,8,0,0,0
广东,2020/12/3,1997,1,36,1953,1,8,0,0,0
广东,2020/12/2,1996,4,36,1952,1,8,0,0,0
广东,2020/12/1,1992,3,33,1951,2,8,0,0,0
广东,2020/11/30,1989,0,32,1949,0,8,0,0,0
广东,2020/11/29,1989,1,32,1949,2,8,0,0,0
广东,2020/11/28,1988,0,33,1947,0,8,0,0,0
广东,2020/11/27,1988,0,33,1947,5,8,0,0,0
广东,2020/11/26,1988,0,38,1942,0,8,0,0,0
广东,2020/11/25,1988,4,38,1942,1,8,0,0,0
广东,2020/11/24,1984,1,35,1941,1,8,0,0,0
广东,2020/11/23,1983,8,35,1940,3,8,0,0,0
广东,2020/11/22,1975,0,30,1937,2,8,0,0,0
广东,2020/11/21,1975,0,32,1935,0,8,0,0,0
广东,2020/11/20,1975,0,32,1935,2,8,0,0,0
广东,2020/11/19,1975,2,34,1933,0,8,0,0,0
广东,2020/11/18,1973,1,32,1933,3,8,0,0,0
广东,2020/11/17,1972,1,34,1930,5,8,0,0,0
广东,2020/11/16,1971,3,38,1925,2,8,0,0,0
广东,2020/11/15,1968,2,37,1923,1,8,0,0,0
广东,2020/11/14,1966,3,36,1922,0,8,0,0,0
广东,2020/11/13,1963,7,33,1922,1,8,0,0,0
广东,2020/11/12,1956,0,27,1921,3,8,0,0,0
广东,2020/11/11,1956,1,30,1918,3,8,0,0,0
广东,2020/11/10,1955,0,32,1915,6,8,0,0,0
广东,2020/11/9,1955,10,38,1909,5,8,0,0,0
广东,2020/11/8,1945,0,33,1904,2,8,0,0,0
广东,2020/11/7,1945,2,35,1902,0,8,0,0,0
广东,2020/11/6,1943,2,33,1902,3,8,8,0,0
广东,2020/11/5,1941,3,42,1899,3,0,-8,0,0
广东,2020/11/4,1938,0,34,1896,5,8,0,0,0
广东,2020/11/3,1938,3,39,1891,0,8,0,0,0
广东,2020/11/2,1935,8,36,1891,4,8,0,0,0
广东,2020/11/1,1927,5,32,1887,5,8,0,0,0
广东,2020/10/31,1922,3,32,1882,0,8,0,0,0
广东,2020/10/30,1919,3,29,1882,5,8,0,0,0
广东,2020/10/29,1916,2,31,1877,7,8,0,0,0
广东,2020/10/28,1914,3,36,1870,0,8,0,0,0
广东,2020/10/27,1911,2,33,1870,1,8,0,0,0
广东,2020/10/26,1909,1,32,1869,4,8,0,0,0
广东,2020/10/25,1908,4,35,1865,8,8,0,0,0
广东,2020/10/24,1904,0,39,1857,0,8,0,0,0
广东,2020/10/23,1904,9,39,1857,9,8,0,0,0
广东,2020/10/22,1895,0,39,1848,0,8,0,0,0
广东,2020/10/21,1895,3,39,1848,4,8,0,0,0
广东,2020/10/20,1892,3,40,1844,3,8,0,0,0
广东,2020/10/19,1889,5,40,1841,1,8,0,0,0
广东,2020/10/18,1884,3,36,1840,8,8,0,0,0
广东,2020/10/17,1881,4,41,1832,0,8,0,0,0
广东,2020/10/16,1877,2,37,1832,1,8,0,0,0
广东,2020/10/15,1875,6,36,1831,5,8,0,0,0
广东,2020/10/14,1869,0,35,1826,0,8,0,0,0
广东,2020/10/13,1869,6,35,1826,1,8,0,0,0
广东,2020/10/12,1863,2,30,1825,2,8,0,0,0
广东,2020/10/11,1861,3,30,1823,1,8,0,0,0
广东,2020/10/10,1858,6,28,1822,0,8,0,0,0
广东,2020/10/9,1852,1,22,1822,1,8,0,0,0
广东,2020/10/8,1851,3,22,1821,6,8,0,0,0
广东,2020/10/7,1848,0,25,1815,7,8,0,0,0
广东,2020/10/6,1848,2,32,1808,0,8,0,0,0
广东,2020/10/5,1846,5,30,1808,2,8,0,0,0
广东,2020/10/4,1841,1,27,1806,2,8,0,0,0
广东,2020/10/3,1840,6,28,1804,1,8,0,0,0
广东,2020/10/2,1834,5,23,1803,4,8,0,0,0
广东,2020/10/1,1829,2,22,1799,0,8,0,0,0
广东,2020/9/30,1827,0,20,1799,3,8,0,0,0
广东,2020/9/29,1827,8,23,1796,4,8,0,0,0
广东,2020/9/28,1819,5,19,1792,7,8,0,0,0
广东,2020/9/27,1814,0,21,1789,4,8,0,0,0
广东,2020/9/26,1814,2,21,1785,0,8,0,0,0
广东,2020/9/25,1812,3,19,1785,3,8,0,0,0
广东,2020/9/24,1809,2,19,1782,2,8,0,0,0
广东,2020/9/23,1807,0,19,1780,3,8,0,0,0
广东,2020/9/22,1807,4,22,1777,3,8,0,0,0
广东,2020/9/21,1803,3,21,1774,3,8,0,0,0
广东,2020/9/20,1800,3,21,1771,3,8,0,0,0
广东,2020/9/19,1797,4,21,1768,1,8,0,0,0
广东,2020/9/18,1793,6,18,1767,3,8,0,0,0
广东,2020/9/17,1787,3,15,1764,4,8,0,0,0
广东,2020/9/16,1784,1,16,1760,3,8,0,0,0
广东,2020/9/15,1783,1,18,1757,4,8,0,0,0
广东,2020/9/14,1782,4,21,1753,5,8,0,0,0
广东,2020/9/13,1778,1,22,1748,0,8,0,0,0
广东,2020/9/12,1777,1,21,1748,3,8,0,0,0
广东,2020/9/11,1776,2,23,1745,2,8,0,0,0
广东,2020/9/10,1774,4,23,1743,0,8,0,0,0
广东,2020/9/9,1770,1,19,1743,6,8,0,0,0
广东,2020/9/8,1769,0,24,1737,2,8,0,0,0
广东,2020/9/7,1769,2,26,1735,2,8,0,0,0
广东,2020/9/6,1767,4,26,1733,6,8,0,0,0
广东,2020/9/5,1763,3,28,1727,4,8,0,0,0
广东,2020/9/4,1760,2,29,1723,1,8,0,0,0
广东,2020/9/3,1758,13,28,1722,0,8,0,0,0
广东,2020/9/2,1745,3,15,1722,1,8,0,0,0
广东,2020/9/1,1742,2,13,1721,0,8,0,0,0
广东,2020/8/31,1740,2,11,1721,3,8,0,0,0
广东,2020/8/30,1738,0,12,1718,0,8,0,0,0
广东,2020/8/29,1738,1,12,1718,2,8,0,0,0
广东,2020/8/28,1737,2,13,1716,1,8,0,0,0
广东,2020/8/27,1735,1,12,1715,11,8,0,0,0
广东,2020/8/26,1734,0,22,1704,0,8,0,0,0
广东,2020/8/25,1734,4,22,1704,2,8,0,0,0
广东,2020/8/24,1730,3,20,1702,1,8,0,0,0
广东,2020/8/23,1727,0,18,1701,2,8,0,0,0
广东,2020/8/22,1727,2,20,1699,3,8,0,0,0
广东,2020/8/21,1725,0,21,1696,1,8,0,0,0
广东,2020/8/20,1725,0,22,1695,8,8,0,0,0
广东,2020/8/19,1725,0,30,1687,0,8,0,0,0
广东,2020/8/18,1725,4,30,1687,0,8,0,0,0
广东,2020/8/17,1721,1,26,1687,3,8,0,0,0
广东,2020/8/16,1720,8,28,1684,0,8,0,0,0
广东,2020/8/15,1712,3,20,1684,1,8,0,0,0
广东,2020/8/14,1709,2,18,1683,2,8,0,0,0
广东,2020/8/13,1707,0,18,1681,3,8,0,0,0
广东,2020/8/12,1707,2,21,1678,2,8,0,0,0
广东,2020/8/11,1705,6,21,1676,4,8,0,0,0
广东,2020/8/10,1699,3,19,1672,1,8,0,0,0
广东,2020/8/9,1696,3,17,1671,2,8,0,0,0
广东,2020/8/8,1693,5,16,1669,5,8,0,0,0
广东,2020/8/7,1688,1,16,1664,3,8,0,0,0
广东,2020/8/6,1687,0,18,1661,0,8,0,0,0
广东,2020/8/5,1687,0,18,1661,2,8,0,0,0
广东,2020/8/4,1687,0,20,1659,0,8,0,0,0
广东,2020/8/3,1687,4,20,1659,2,8,0,0,0
广东,2020/8/2,1683,1,18,1657,3,8,0,0,0
广东,2020/8/1,1682,2,20,1654,1,8,0,0,0
广东,2020/7/31,1680,2,19,1653,0,8,0,0,0
广东,2020/7/30,1678,3,17,1653,2,8,0,0,0
广东,2020/7/29,1675,1,16,1651,3,8,0,0,0
广东,2020/7/28,1674,2,18,1648,3,8,0,0,0
广东,2020/7/27,1672,0,19,1645,0,8,0,0,0
广东,2020/7/26,1672,0,19,1645,3,8,0,0,0
广东,2020/7/25,1672,3,22,1642,1,8,0,0,0
广东,2020/7/24,1669,2,20,1641,2,8,0,0,0
广东,2020/7/23,1667,5,20,1639,2,8,0,0,0
广东,2020/7/22,1662,1,17,1637,0,8,0,0,0
广东,2020/7/21,1661,2,16,1637,0,8,0,0,0
广东,2020/7/20,1659,0,14,1637,0,8,0,0,0
广东,2020/7/19,1659,0,14,1637,1,8,0,0,0
广东,2020/7/18,1659,2,15,1636,0,8,0,0,0
广东,2020/7/17,1657,3,13,1636,0,8,0,0,0
广东,2020/7/16,1654,4,10,1636,0,8,0,0,0
广东,2020/7/15,1650,0,6,1636,0,8,0,0,0
广东,2020/7/14,1650,0,6,1636,1,8,0,0,0
广东,2020/7/13,1650,0,7,1635,1,8,0,0,0
广东,2020/7/12,1650,2,8,1634,0,8,0,0,0
广东,2020/7/11,1648,0,6,1634,0,8,0,0,0
广东,2020/7/10,1648,1,6,1634,0,8,0,0,0
广东,2020/7/9,1647,0,5,1634,3,8,0,0,0
广东,2020/7/8,1647,2,8,1631,0,8,0,0,0
广东,2020/7/7,1645,1,6,1631,0,8,0,0,0
广东,2020/7/6,1644,1,5,1631,0,8,0,0,0
广东,2020/7/5,1643,0,4,1631,0,8,0,0,0
广东,2020/7/4,1643,0,4,1631,2,8,0,0,0
广东,2020/7/3,1643,1,6,1629,2,8,0,0,0
广东,2020/7/2,1642,0,7,1627,0,8,0,0,0
广东,2020/7/1,1642,1,7,1627,0,8,0,0,0
广东,2020/6/30,1641,0,6,1627,0,8,0,0,0
广东,2020/6/29,1641,4,6,1627,2,8,0,0,0
广东,2020/6/28,1637,0,4,1625,3,8,0,0,0
广东,2020/6/27,1637,0,7,1622,0,8,0,0,0
广东,2020/6/26,1637,2,7,1622,1,8,0,0,0
广东,2020/6/25,1635,1,6,1621,1,8,0,0,0
广东,2020/6/24,1634,0,6,1620,1,8,0,0,0
广东,2020/6/23,1634,0,7,1619,0,8,0,0,0
广东,2020/6/22,1634,0,7,1619,5,8,0,0,0
广东,2020/6/21,1634,0,12,1614,0,8,0,0,0
广东,2020/6/20,1634,0,12,1614,1,8,0,0,0
广东,2020/6/19,1634,3,13,1613,9,8,0,0,0
广东,2020/6/18,1631,3,19,1604,1,8,0,0,0
广东,2020/6/17,1628,0,17,1603,10,8,0,0,0
广东,2020/6/16,1628,0,27,1593,1,8,0,0,0
广东,2020/6/15,1628,3,28,1592,2,8,0,0,0
广东,2020/6/14,1625,0,27,1590,0,8,0,0,0
广东,2020/6/13,1625,17,27,1590,0,8,0,0,0
广东,2020/6/12,1608,1,10,1590,1,8,0,0,0
广东,2020/6/11,1607,0,10,1589,1,8,0,0,0
广东,2020/6/10,1607,3,11,1588,1,8,0,0,0
广东,2020/6/9,1604,0,9,1587,1,8,0,0,0
广东,2020/6/8,1604,2,10,1586,1,8,0,0,0
广东,2020/6/7,1602,1,9,1585,1,8,0,0,0
广东,2020/6/6,1601,0,9,1584,0,8,0,0,0
广东,2020/6/5,1601,3,9,1584,0,8,0,0,0
广东,2020/6/4,1598,1,6,1584,1,8,0,0,0
广东,2020/6/3,1597,1,6,1583,0,8,0,0,0
广东,2020/6/2,1596,1,5,1583,0,8,0,0,0
广东,2020/6/1,1595,0,4,1583,0,8,0,0,0
广东,2020/5/31,1595,2,4,1583,0,8,0,0,0
广东,2020/5/30,1593,0,2,1583,0,8,0,0,0
广东,2020/5/29,1593,1,2,1583,1,8,0,0,0
广东,2020/5/28,1592,0,2,1582,0,8,0,0,0
广东,2020/5/27,1592,0,2,1582,1,8,0,0,0
广东,2020/5/26,1592,0,3,1581,0,8,0,0,0
广东,2020/5/25,1592,0,3,1581,0,8,0,0,0
广东,2020/5/24,1592,0,3,1581,1,8,0,0,0
广东,2020/5/23,1592,1,4,1580,0,8,0,0,0
广东,2020/5/22,1591,0,3,1580,0,8,0,0,0
广东,2020/5/21,1591,1,3,1580,1,8,0,0,0
广东,2020/5/20,1590,0,3,1579,0,8,0,0,0
广东,2020/5/19,1590,0,3,1579,0,8,0,0,0
广东,2020/5/18,1590,0,3,1579,0,8,0,0,0
广东,2020/5/17,1590,0,3,1579,0,8,0,0,0
广东,2020/5/16,1590,0,3,1579,0,8,0,0,0
广东,2020/5/15,1589,0,2,1579,0,8,0,0,0
广东,2020/5/14,1589,0,2,1579,0,8,0,0,0
广东,2020/5/13,1589,0,2,1579,1,8,0,0,0
广东,2020/5/12,1589,0,3,1578,0,8,0,0,0
广东,2020/5/11,1589,0,3,1578,1,8,0,0,0
广东,2020/5/10,1589,0,4,1577,1,8,0,0,0
广东,2020/5/9,1589,0,5,1576,0,8,0,0,0
广东,2020/5/8,1589,0,5,1576,1,8,0,0,0
广东,2020/5/7,1589,0,6,1575,0,8,0,0,0
广东,2020/5/6,1589,1,6,1575,0,8,0,0,0
广东,2020/5/5,1588,0,5,1575,4,8,0,0,0
广东,2020/5/4,1588,0,9,1571,2,8,0,0,0
广东,2020/5/3,1588,0,11,1569,2,8,0,0,0
广东,2020/5/2,1588,0,13,1567,0,8,0,0,0
广东,2020/5/1,1588,0,13,1567,2,8,0,0,0
广东,2020/4/30,1588,0,15,1565,8,8,0,0,0
广东,2020/4/29,1588,0,23,1557,3,8,0,0,0
广东,2020/4/28,1588,1,26,1554,7,8,0,0,0
广东,2020/4/27,1587,0,32,1547,5,8,0,0,0
广东,2020/4/26,1587,1,37,1542,0,8,0,0,0
广东,2020/4/25,1586,1,36,1542,8,8,0,0,0
广东,2020/4/24,1585,0,43,1534,6,8,0,0,0
广东,2020/4/23,1585,1,49,1528,10,8,0,0,0
广东,2020/4/22,1584,2,58,1518,7,8,0,0,0
广东,2020/4/21,1582,0,63,1511,10,8,0,0,0
广东,2020/4/20,1582,1,73,1501,7,8,0,0,0
广东,2020/4/19,1581,1,79,1494,4,8,0,0,0
广东,2020/4/18,1580,1,82,1490,8,8,0,0,0
广东,2020/4/17,1579,2,89,1482,7,8,0,0,0
广东,2020/4/16,1577,6,94,1475,4,8,0,0,0
广东,2020/4/15,1571,5,92,1471,9,8,0,0,0
广东,2020/4/14,1566,2,96,1462,4,8,0,0,0
广东,2020/4/13,1564,6,98,1458,4,8,0,0,0
广东,2020/4/12,1555,3,93,1454,11,8,0,0,0
广东,2020/4/11,1552,4,101,1443,6,8,0,0,0
广东,2020/4/10,1548,4,103,1437,3,8,0,0,0
广东,2020/4/9,1544,5,102,1434,11,8,0,0,0
广东,2020/4/8,1539,3,108,1423,12,8,0,0,0
广东,2020/4/7,1536,3,117,1411,10,8,0,0,0
广东,2020/4/6,1533,1,124,1401,6,8,0,0,0
广东,2020/4/5,1532,7,129,1395,8,8,0,0,0
广东,2020/4/4,1524,8,129,1387,9,8,0,0,0
广东,2020/4/3,1516,2,130,1378,10,8,0,0,0
广东,2020/4/2,1514,6,138,1368,12,8,0,0,0
广东,2020/4/1,1507,6,143,1356,-1,8,0,0,0
广东,2020/3/31,1501,9,136,1357,4,8,0,0,0
广东,2020/3/30,1490,6,129,1353,2,8,0,0,0
广东,2020/3/29,1484,9,125,1351,2,8,0,0,0
广东,2020/3/28,1475,8,118,1349,8,8,0,0,0
广东,2020/3/27,1467,11,118,1341,4,8,0,0,0
广东,2020/3/26,1456,12,111,1337,1,8,0,0,0
广东,2020/3/25,1444,11,100,1336,2,8,0,0,0
广东,2020/3/24,1433,5,91,1334,1,8,0,0,0
广东,2020/3/23,1428,15,87,1333,1,8,0,0,0
广东,2020/3/22,1413,6,73,1332,3,8,0,0,0
广东,2020/3/21,1407,8,70,1329,4,8,0,0,0
广东,2020/3/20,1399,7,66,1325,3,8,0,0,0
广东,2020/3/19,1392,14,62,1322,4,8,0,0,0
广东,2020/3/18,1378,9,52,1318,6,8,0,0,0
广东,2020/3/17,1369,5,49,1312,5,8,0,0,0
广东,2020/3/16,1364,3,49,1307,1,8,0,0,0
广东,2020/3/15,1361,4,47,1306,3,8,0,0,0
广东,2020/3/14,1357,1,46,1303,4,8,0,0,0
广东,2020/3/13,1356,0,49,1299,3,8,0,0,0
广东,2020/3/12,1356,0,52,1296,8,8,0,0,0
广东,2020/3/11,1356,3,60,1288,6,8,0,0,0
广东,2020/3/10,1353,0,63,1282,12,8,0,0,0
广东,2020/3/9,1353,1,75,1270,10,8,0,0,0
广东,2020/3/8,1352,0,84,1260,10,8,1,0,0
广东,2020/3/7,1352,0,95,1250,17,7,0,0,0
广东,2020/3/6,1352,1,112,1233,24,7,0,0,0
广东,2020/3/5,1351,1,135,1209,50,7,0,0,0
广东,2020/3/4,1350,0,184,1159,30,7,0,0,0
广东,2020/3/3,1350,0,214,1129,48,7,0,0,0
广东,2020/3/2,1350,0,262,1081,47,7,0,0,0
广东,2020/3/1,1350,1,309,1034,25,7,0,0,0
广东,2020/2/29,1349,0,333,1009,37,7,0,0,0
广东,2020/2/28,1349,1,370,972,53,7,0,0,0
广东,2020/2/27,1348,1,422,919,46,7,0,0,0
广东,2020/2/26,1347,0,467,873,32,7,0,0,0
广东,2020/2/25,1347,0,499,841,36,7,0,0,0
广东,2020/2/24,1347,2,535,805,33,7,1,0,0
广东,2020/2/23,1345,3,567,772,32,6,0,0,0
广东,2020/2/22,1342,3,596,740,20,6,1,0,0
广东,2020/2/21,1339,6,614,720,56,5,0,0,0
广东,2020/2/20,1333,1,664,664,45,5,0,0,0
广东,2020/2/19,1332,1,708,619,48,5,0,0,0
广东,2020/2/18,1331,3,755,571,41,5,1,0,0
广东,2020/2/17,1328,6,794,530,57,4,0,0,0
广东,2020/2/16,1322,6,845,473,37,4,2,0,0
广东,2020/2/15,1316,22,878,436,50,2,0,0,0
广东,2020/2/14,1294,33,906,386,54,2,0,0,0
广东,2020/2/13,1261,20,927,332,48,2,0,0,0
广东,2020/2/12,1241,22,955,284,43,2,1,0,0
广东,2020/2/11,1219,42,977,241,60,1,0,0,0
广东,2020/2/10,1177,26,995,181,38,1,0,0,0
广东,2020/2/9,1151,31,1007,143,18,1,0,0,0
广东,2020/2/8,1120,45,994,125,28,1,0,0,0
广东,2020/2/7,1075,57,977,97,28,1,0,0,0
广东,2020/2/6,1018,74,948,69,20,1,1,0,0
广东,2020/2/5,944,74,895,49,17,0,0,0,0
广东,2020/2/4,870,73,838,32,11,0,0,0,0
广东,2020/2/3,797,114,776,21,6,0,0,0,0
广东,2020/2/2,683,79,668,15,1,0,0,0,0
广东,2020/2/1,604,84,590,14,3,0,0,0,0
广东,2020/1/31,520,127,509,11,2,0,0,0,0
广东,2020/1/30,393,82,384,9,3,0,0,0,0
广东,2020/1/29,311,70,305,6,1,0,0,0,0
广东,2020/1/28,241,53,236,5,1,0,0,0,0
广东,2020/1/27,188,42,184,4,2,0,0,0,0
广东,2020/1/26,146,48,144,2,0,0,0,0,0
广东,2020/1/25,98,20,96,2,0,0,0,0,0
广东,2020/1/24,78,25,76,2,0,0,0,0,0
广东,2020/1/23,53,21,51,2,2,0,0,0,0
广东,2020/1/22,32,6,32,0,0,0,0,0,0
广东,2020/1/21,26,12,26,0,0,0,0,0,0
广东,2020/1/20,14,13,14,0,0,0,0,0,0
广东,2020/1/19,1,0,1,0,0,0,0,0,0
