新增确诊,现有确诊,新增治愈,累计死亡,新增死亡,新增无症状,新增本土确诊,累计确诊
1189,10000,993,8,0,0,1171,62367
1111,9804,917,8,0,0,1075,61178
502,9610,568,8,0,0,846,60067
932,9676,789,8,0,0,915,59565
1003,9533,837,8,0,0,990,58633
1082,9367,877,8,0,0,1065,57630
875,9162,1255,8,0,0,857,56548
1048,9542,1820,8,0,1817,1044,55673
797,10314,1819,8,0,1264,775,54625
900,11336,1749,8,0,1468,879,53828
762,12185,2004,8,0,1791,735,52928
1125,13427,2034,8,0,1819,1115,52166
1403,14336,1627,8,0,1989,1391,51041
1451,14560,1455,8,0,2713,1437,49638
1737,14564,1377,8,0,3200,1719,48187
2135,14204,1185,8,0,3421,2120,46450
1703,13254,1675,8,0,4816,1686,44315
1882,13226,1606,8,0,4785,1868,42612
1678,12950,1622,8,0,5053,1666,40730
1798,12894,1356,8,0,6010,1782,39052
1611,12452,1094,8,0,6315,1599,37254
1529,11935,1228,8,0,7236,1518,35643
1191,11634,1276,8,0,7725,1168,34114
1368,11719,1004,8,0,7761,1347,32923
1408,11355,964,8,0,7705,1386,31555
1016,10911,840,8,0,7405,991,30147
915,10735,991,8,0,7584,892,29131
1810,10811,842,8,0,7505,1791,28216
883,9843,595,8,0,7951,860,26406
816,9555,611,8,0,8241,781,25523
1022,9350,569,8,0,8101,984,24707
1178,8897,699,8,0,8381,1157,23685
1115,8418,484,8,0,8535,1102,22507
1358,7787,543,8,0,9110,1338,21392
1256,6972,248,8,0,8576,1246,20034
588,5964,285,8,0,6215,564,18778
605,5661,238,8,0,5047,586,18190
726,5294,279,8,0,3941,707,17585
742,4847,148,8,0,3541,727,16859
769,4253,164,8,0,2996,760,16117
569,3648,90,8,0,2461,546,15348
514,3169,69,8,0,2507,500,14779
608,2724,63,8,0,2611,592,14265
331,2179,80,8,0,2330,319,13657
234,1928,80,8,0,1882,224,13326
273,1774,51,8,0,1330,252,13092
228,1552,59,8,0,669,219,12819
208,1383,53,8,0,470,195,12591
115,1228,45,8,0,356,103,12383
136,1158,32,8,0,298,125,12268
248,1054,37,8,0,458,242,12132
299,843,58,8,0,468,291,11884
97,602,42,8,0,195,83,11585
77,547,62,8,0,136,63,11488
38,532,56,8,0,88,27,11411
20,550,42,8,0,84,15,11373
51,572,56,8,0,67,45,11353
45,577,63,8,0,62,33,11302
42,595,73,8,0,70,23,11257
41,626,61,8,0,59,32,11215
36,646,38,8,0,74,19,11174
52,648,48,8,0,62,27,11138
40,644,68,8,0,58,26,11086
62,672,59,8,0,48,50,11046
47,669,61,8,0,61,36,10984
41,683,51,8,0,38,23,10937
53,693,32,8,0,29,35,10896
84,672,36,8,0,29,60,10843
68,624,36,8,0,21,53,10759
53,592,43,8,0,17,36,10691
57,582,41,8,0,11,43,10638
65,566,35,8,0,25,38,10581
58,536,30,8,0,24,31,10516
48,508,21,8,0,21,34,10458
57,481,17,8,0,27,47,10410
68,441,27,8,0,34,41,10353
56,400,13,8,0,27,37,10285
52,357,23,8,0,24,34,10229
46,328,23,8,0,16,27,10177
30,305,24,8,0,24,19,10131
46,299,12,8,0,10,17,10101
33,265,14,8,0,21,22,10055
31,246,26,8,0,15,16,10022
39,241,20,8,0,5,18,9991
19,222,9,8,0,2,4,9952
26,212,28,8,0,5,12,9933
26,214,30,8,0,5,7,9907
18,218,36,8,0,0,6,9881
20,236,32,8,0,0,5,9863
16,248,58,8,0,4,2,9843
14,290,33,8,0,2,1,9827
15,309,64,8,0,2,3,9813
15,358,52,8,0,1,0,9798
12,395,69,8,0,2,1,9783
9,452,57,8,0,1,2,9771
18,500,54,8,0,1,3,9762
15,536,60,8,0,1,5,9744
13,581,65,8,0,4,5,9729
17,633,64,8,0,3,6,9716
19,680,52,8,0,4,7,9699
38,713,36,8,0,11,17,9680
34,711,35,8,0,10,15,9642
49,712,33,8,0,6,25,9608
52,696,24,8,0,28,33,9559
33,668,27,8,0,12,24,9507
61,662,29,8,0,18,42,9474
59,630,31,8,0,17,41,9413
83,602,19,8,0,26,61,9354
97,538,17,8,0,24,79,9271
82,458,37,8,0,40,63,9174
71,413,30,8,0,41,55,9092
53,372,21,8,0,34,40,9021
35,340,29,8,0,21,25,8968
35,334,30,8,0,12,24,8933
22,329,32,8,0,3,9,8898
32,339,22,8,0,4,12,8876
21,329,37,8,0,2,6,8844
22,345,40,8,0,4,4,8823
20,363,31,8,0,2,4,8801
30,374,32,8,0,5,17,8781
24,376,24,8,0,1,7,8751
26,376,20,8,0,11,9,8727
18,370,34,8,0,9,18,8701
18,386,21,8,0,7,5,8683
15,389,16,8,0,1,6,8665
13,390,27,8,0,2,3,8650
23,404,18,8,0,2,6,8637
12,399,24,8,0,8,9,8614
27,411,18,8,0,4,12,8602
27,402,23,8,0,1,12,8575
25,398,23,8,0,11,12,8548
41,396,14,8,0,14,15,8523
52,369,12,8,0,5,24,8482
59,329,18,8,0,7,39,8430
41,288,21,8,0,13,24,8371
55,268,22,8,0,6,37,8330
31,235,15,8,0,5,12,8275
22,219,44,8,0,2,11,8244
15,241,25,8,0,0,1,8222
29,251,27,8,0,0,0,8207
19,249,25,8,0,1,0,8178
30,255,39,8,0,1,0,8159
20,264,25,8,0,1,1,8129
10,269,24,8,0,2,1,8109
7,283,16,8,0,2,1,8099
14,292,29,8,0,3,3,8092
14,307,27,8,0,8,4,8078
21,320,31,8,0,4,3,8064
25,330,36,8,0,17,6,8043
30,341,29,8,0,13,11,8018
24,340,31,8,0,10,11,7988
31,347,16,8,0,9,23,7964
43,332,25,8,0,13,10,7933
29,314,16,8,0,6,18,7890
37,301,10,8,0,8,20,7861
14,274,38,8,0,9,5,7824
31,298,11,8,0,10,4,7810
31,278,14,8,0,9,21,7779
25,261,13,8,0,26,15,7748
28,249,15,8,0,39,17,7723
44,236,5,8,0,11,32,7695
25,197,12,8,0,6,16,7651
33,184,6,8,0,20,22,7626
27,157,12,8,0,15,17,7593
28,142,6,8,0,8,17,7566
18,120,6,8,0,2,6,7538
19,108,9,8,0,4,3,7520
7,98,2,8,0,2,2,7501
9,93,8,8,0,1,0,7494
12,92,9,8,0,2,1,7485
10,89,6,8,0,0,1,7473
5,85,4,8,0,0,0,7463
10,84,9,8,0,1,0,7458
2,83,6,8,0,2,0,7448
3,87,8,8,0,2,2,7446
7,92,6,8,0,2,1,7443
5,91,8,8,0,4,1,7436
4,94,3,8,0,3,0,7431
10,93,3,8,0,4,1,7427
14,86,1,8,0,2,5,7417
6,73,2,8,0,4,1,7403
12,69,2,8,0,3,0,7397
8,59,2,8,0,0,1,7385
6,53,1,8,0,2,0,7377
3,48,0,8,0,0,0,7371
1,45,5,8,0,2,0,7368
6,49,1,8,0,0,0,7367
7,44,5,8,0,0,0,7361
6,42,2,8,0,0,0,7354
5,38,5,8,0,0,0,7348
8,38,3,8,0,0,0,7343
3,33,3,8,0,0,0,7335
3,33,2,8,0,0,0,7332
2,32,1,8,0,0,0,7329
3,31,1,8,0,0,0,7327
4,29,4,8,0,0,0,7324
1,29,2,8,0,0,0,7320
3,30,3,8,0,0,0,7319
1,30,6,8,0,0,0,7316
4,35,2,8,0,0,0,7315
4,33,3,8,0,0,0,7311
2,32,4,8,0,0,0,7307
2,34,4,8,0,0,0,7305
2,36,9,8,0,0,0,7303
5,43,8,8,0,0,0,7301
4,46,5,8,0,0,0,7296
1,47,10,8,0,0,0,7292
2,56,12,8,0,0,0,7291
1,66,6,8,0,0,0,7289
4,71,8,8,0,0,0,7288
2,75,17,8,0,0,0,7284
2,90,15,8,0,0,0,7282
1,103,4,8,0,1,0,7280
1,106,16,8,0,0,1,7279
4,121,13,8,0,2,0,7278
3,130,20,8,0,0,3,7274
3,147,13,8,0,1,1,7271
2,157,7,8,0,1,0,7268
2,162,19,8,0,0,0,7266
7,179,24,8,0,2,5,7264
2,196,15,8,0,0,1,7257
8,209,13,8,0,2,4,7255
12,214,11,8,0,3,11,7247
5,213,17,8,0,2,3,7235
12,225,6,8,0,10,10,7230
17,219,8,8,0,6,15,7218
35,210,9,8,0,12,28,7201
22,184,14,8,0,3,21,7166
10,176,10,8,0,1,8,7144
15,176,12,8,0,1,13,7134
16,173,11,8,0,6,13,7119
12,168,13,8,0,4,12,7103
9,169,20,8,0,5,7,7091
28,180,32,8,0,2,29,7082
21,184,13,8,0,7,21,7054
29,176,16,8,0,16,28,7033
10,163,19,8,0,7,7,7004
1,172,30,8,0,0,0,6994
1,201,35,8,0,0,0,6993
6,235,28,8,0,0,2,6992
5,257,17,8,0,0,3,6986
9,269,15,8,0,0,4,6981
11,275,17,8,0,2,8,6972
6,281,17,8,0,1,5,6961
9,292,12,8,0,4,8,6955
15,295,10,8,0,6,15,6946
24,290,12,8,0,5,20,6931
28,278,7,8,0,10,25,6907
32,257,8,8,0,11,29,6879
26,233,11,8,0,0,24,6847
24,218,11,8,0,0,22,6821
48,205,11,8,0,0,47,6797
26,168,24,8,0,0,22,6749
20,166,17,8,0,0,16,6723
22,163,16,8,0,0,19,6703
17,157,19,8,0,0,10,6681
9,159,21,8,0,0,5,6664
12,171,16,8,0,0,7,6655
1,175,31,8,0,0,0,6643
13,205,54,8,0,0,7,6642
8,246,64,8,0,0,3,6629
13,302,91,8,0,0,5,6621
12,380,66,8,0,0,2,6608
4,434,76,8,0,0,0,6596
6,506,84,8,0,0,4,6592
14,584,148,8,0,0,14,6586
15,718,87,8,0,0,2,6572
11,790,79,8,0,0,11,6557
10,858,60,8,0,0,4,6546
10,908,81,8,0,0,2,6536
11,979,67,8,0,0,4,6526
15,1035,83,8,0,0,4,6515
16,1103,36,8,0,0,8,6500
23,1123,69,8,0,0,15,6484
37,1169,129,8,0,0,25,6461
45,1261,152,8,0,0,38,6424
73,1368,97,8,0,0,51,6379
65,1392,380,8,0,0,47,6306
89,1707,156,8,0,0,74,6241
104,1774,90,8,0,0,83,6152
80,1760,54,8,0,0,59,6048
68,1734,35,8,0,0,48,5968
121,1701,26,8,0,0,79,5900
96,1606,48,8,0,0,62,5779
63,1558,27,8,0,0,33,5683
62,1522,0,8,0,0,11,5620
50,1460,56,8,0,0,17,5558
46,1466,33,8,0,0,7,5508
92,1453,17,8,0,0,45,5462
120,1378,21,8,0,0,69,5370
92,1279,16,8,0,0,20,5250
125,1203,14,8,0,0,46,5158
139,1092,26,8,0,0,22,5033
94,979,8,8,0,0,28,4894
115,893,8,8,0,0,32,4800
75,786,12,8,0,0,31,4685
93,723,9,8,0,0,40,4610
83,639,16,8,0,0,48,4517
89,572,16,8,0,0,30,4434
60,499,15,8,0,0,8,4345
52,454,11,8,0,0,8,4285
45,413,12,8,0,0,7,4233
25,380,7,8,0,0,3,4188
26,362,11,8,0,0,6,4163
40,347,10,8,0,0,8,4137
25,317,16,8,0,0,3,4097
25,308,12,8,0,0,4,4072
29,295,10,8,0,0,7,4047
27,276,17,8,0,0,3,4018
18,266,12,8,0,0,2,3991
28,260,7,8,0,0,28,3973
20,239,5,8,0,0,1,3945
24,224,10,8,0,0,0,3925
15,210,8,8,0,0,0,3901
9,203,6,8,0,0,0,3886
18,200,5,8,0,0,0,3877
18,187,9,8,0,0,0,3859
25,178,10,8,0,0,4,3841
8,163,11,8,0,0,1,3816
10,166,9,8,0,0,6,3808
13,165,10,8,0,0,5,3798
13,162,20,8,0,0,9,3785
11,169,23,8,0,0,6,3772
9,181,18,8,0,0,1,3761
7,190,21,8,0,0,0,3752
2,204,5,8,0,0,0,3745
6,207,5,8,0,0,0,3743
7,206,7,8,0,0,0,3737
3,206,11,8,0,0,3,3730
1,214,6,8,0,0,1,3727
2,219,7,8,0,0,2,3726
6,224,10,8,0,0,1,3724
8,228,10,8,0,0,3,3718
7,230,15,8,0,0,3,3710
14,238,8,8,0,0,4,3703
5,232,4,8,0,0,2,3689
9,231,13,8,0,0,7,3684
18,235,17,8,0,0,5,3675
17,234,7,8,0,0,9,3657
15,224,8,8,0,0,1,3640
13,217,3,8,0,0,8,3625
10,207,5,8,0,0,0,3612
18,202,6,8,0,0,0,3602
27,190,5,8,0,0,0,3584
18,168,4,8,0,0,0,3557
9,154,2,8,0,0,0,3539
9,147,8,8,0,0,0,3530
9,146,6,8,0,0,0,3521
9,143,0,8,0,0,0,3512
10,134,3,8,0,0,0,3503
7,127,4,8,0,0,0,3493
13,124,2,8,0,0,0,3486
6,113,6,8,0,0,0,3473
10,113,4,8,0,0,0,3467
11,107,0,8,0,0,0,3457
3,96,2,8,0,0,0,3446
10,95,2,8,0,0,0,3443
4,87,1,8,0,0,0,3433
2,84,6,8,0,0,0,3429
6,88,3,8,0,0,0,3427
2,85,5,8,0,0,0,3421
6,88,4,8,0,0,0,3419
5,86,4,8,0,0,0,3413
9,85,5,8,0,0,0,3408
5,81,5,8,0,0,0,3399
10,81,6,8,0,0,0,3394
10,77,7,8,0,0,0,3384
8,74,1,8,0,0,0,3374
7,67,2,8,0,0,0,3366
6,62,0,8,0,0,0,3359
6,56,1,8,0,0,0,3353
4,51,1,8,0,0,0,3347
4,48,2,8,0,0,0,3343
5,46,5,8,0,0,0,3339
1,46,2,8,0,0,0,3334
0,47,5,8,0,0,0,3333
0,52,2,8,0,0,0,3333
3,54,1,8,0,0,0,3333
3,52,7,8,0,0,0,3330
3,56,3,8,0,0,0,3327
1,56,3,8,0,0,0,3324
1,58,6,8,0,0,0,3323
4,63,0,8,0,0,0,3322
3,59,2,8,0,0,0,3318
1,58,1,8,0,0,0,3315
4,58,4,8,0,0,0,3314
9,58,0,8,0,0,0,3310
4,49,3,8,0,0,0,3301
3,48,1,8,0,0,0,3297
3,46,3,8,0,0,0,3294
6,46,4,8,0,0,0,3291
4,44,1,8,0,0,0,3285
2,41,1,8,0,0,0,3281
5,40,1,8,0,0,0,3279
2,36,2,8,0,0,0,3274
3,36,1,8,0,0,0,3272
2,34,3,8,0,0,0,3269
3,35,0,8,0,0,0,3267
4,32,3,8,0,0,0,3264
1,31,5,8,0,0,0,3260
2,35,0,8,0,0,0,3259
4,33,5,8,0,0,0,3257
1,34,0,8,0,0,0,3253
1,33,3,8,0,0,0,3252
2,35,6,8,0,0,0,3251
1,39,8,8,0,0,0,3249
1,46,0,8,0,0,0,3248
4,45,1,8,0,0,0,3247
3,42,1,8,0,0,0,3243
3,40,2,8,0,0,0,3240
3,39,2,8,0,0,0,3237
1,38,2,8,0,0,0,3234
3,39,1,8,0,0,0,3233
4,37,1,8,0,0,0,3230
2,34,0,8,0,0,0,3226
0,32,4,8,0,0,0,3224
1,36,1,8,0,0,0,3224
2,36,1,8,0,0,0,3223
4,35,2,8,0,0,0,3221
0,33,1,8,0,0,0,3217
2,34,1,8,0,0,0,3217
4,33,2,8,0,0,0,3215
0,31,0,8,0,0,0,3211
1,31,1,8,0,0,0,3211
1,31,1,8,0,0,0,3210
1,31,1,8,0,0,0,3209
1,31,5,8,0,0,0,3208
3,35,4,8,0,0,0,3207
3,36,3,8,0,0,0,3204
2,36,0,8,0,0,0,3201
0,34,0,8,0,0,0,3199
0,34,2,8,0,0,0,3199
0,36,2,8,0,0,0,3199
2,38,1,8,0,0,0,3199
2,37,2,8,0,0,0,3197
0,37,4,8,0,0,0,3195
2,41,3,8,0,0,0,3195
0,42,6,8,0,0,0,3193
0,48,0,8,0,0,0,3193
2,48,6,8,0,0,0,3193
0,52,4,8,0,0,0,3191
0,56,3,8,0,0,0,3191
4,59,3,8,0,0,0,3191
4,58,4,8,0,0,0,3187
3,58,4,8,0,0,0,3183
3,59,4,8,0,0,0,3180
6,60,1,8,0,0,0,3177
3,55,1,8,0,0,0,3171
1,53,0,8,0,0,0,3168
3,52,2,8,0,0,0,3167
1,51,2,8,0,0,0,3164
4,52,3,8,0,0,0,3163
9,51,0,8,0,0,0,3159
1,42,2,8,0,0,0,3150
2,43,4,8,0,0,0,3149
2,45,3,8,0,0,0,3147
3,46,5,8,0,0,0,3145
0,48,4,8,0,0,0,3142
2,52,3,8,0,0,0,3142
3,53,9,8,0,0,0,3140
2,59,5,8,0,0,0,3137
3,62,6,8,0,0,0,3135
4,65,6,8,0,0,0,3132
8,67,6,8,0,0,0,3128
3,65,7,8,0,0,0,3120
6,69,4,8,0,0,0,3117
2,67,5,8,0,0,0,3111
5,70,7,8,0,0,0,3109
4,72,4,8,0,0,0,3104
4,72,4,8,0,0,0,3100
2,72,1,8,0,0,0,3096
7,71,9,8,0,0,0,3094
4,73,4,8,0,0,0,3087
4,73,3,8,0,0,0,3083
5,72,4,8,0,0,0,3079
9,71,5,8,0,0,0,3074
6,67,5,8,0,0,0,3065
4,66,10,8,0,0,0,3059
9,72,9,8,0,0,0,3055
3,72,11,8,0,0,0,3046
3,80,8,8,0,0,0,3043
17,85,10,8,0,0,0,3040
0,78,0,8,0,0,0,3023
3,78,2,8,0,0,0,3023
8,77,10,8,0,0,0,3020
5,79,9,8,0,0,0,3012
6,83,5,8,0,0,0,3007
4,82,4,8,0,0,0,3001
9,82,12,8,0,0,0,2997
10,85,13,8,0,0,0,2988
1,88,8,8,0,0,0,2978
9,95,3,8,0,0,0,2977
5,89,2,8,0,0,0,2968
13,86,10,8,0,0,0,2963
3,83,3,8,0,0,0,2950
9,83,6,8,0,0,0,2947
5,80,4,8,0,0,0,2938
2,79,4,8,0,0,0,2933
8,81,3,8,0,0,0,2931
8,76,7,8,0,0,0,2923
3,75,2,8,0,0,0,2915
3,74,4,8,0,0,0,2912
13,75,4,8,0,0,0,2909
2,66,6,8,0,0,0,2896
2,70,5,8,0,0,0,2894
6,73,2,8,0,0,0,2892
2,69,2,8,0,0,0,2886
2,69,5,8,0,0,0,2884
1,72,1,8,0,0,0,2882
9,72,3,8,0,0,0,2881
3,66,5,8,0,0,0,2872
3,68,5,8,0,0,0,2869
13,70,9,8,0,0,0,2866
8,66,8,8,0,0,0,2853
6,66,7,8,0,0,0,2845
5,67,5,8,0,0,0,2839
14,67,5,8,0,0,0,2834
7,58,3,8,0,0,0,2820
1,54,6,8,0,0,0,2813
4,59,4,8,0,0,0,2812
8,59,6,8,0,0,0,2808
4,57,3,8,0,0,0,2800
1,56,8,8,0,0,0,2796
4,63,3,8,0,0,0,2795
12,62,4,8,0,0,0,2791
2,54,9,8,0,0,0,2779
3,61,4,8,0,0,0,2777
3,62,5,8,0,0,0,2774
1,64,8,8,0,0,0,2771
1,71,5,8,0,0,0,2770
3,75,9,8,0,0,0,2769
2,81,20,8,0,0,0,2766
5,99,9,8,0,0,0,2764
3,103,23,8,0,0,0,2759
5,123,6,8,0,0,0,2756
3,124,9,8,0,0,0,2751
3,130,17,8,0,0,0,2748
8,144,10,8,0,0,0,2745
0,146,12,8,0,0,0,2737
1,158,6,8,0,0,0,2737
3,163,7,8,0,0,0,2736
5,167,6,8,0,0,0,2733
1,168,14,8,0,0,0,2728
4,181,12,8,0,0,0,2727
6,189,18,8,0,0,0,2723
8,201,16,8,0,0,0,2717
3,209,15,8,0,0,0,2709
7,221,16,8,0,0,0,2706
7,230,2,8,0,0,0,2699
12,225,9,8,0,0,0,2692
14,222,8,8,0,0,0,2680
9,216,11,8,0,0,0,2666
7,218,2,8,0,0,0,2657
15,213,4,8,0,0,0,2650
10,202,2,8,0,0,0,2635
7,194,4,8,0,0,0,2625
13,191,4,8,0,0,0,2618
12,182,8,8,0,0,0,2605
11,178,3,8,0,0,0,2593
9,170,3,8,0,0,0,2582
9,164,2,8,0,0,0,2573
22,157,1,8,0,0,0,2564
8,136,2,8,0,0,0,2542
9,130,8,8,0,0,0,2534
16,129,0,8,0,0,0,2525
11,113,0,8,0,0,0,2509
17,102,0,8,0,0,0,2498
13,85,3,8,0,0,0,2481
13,75,2,8,0,0,0,2468
23,64,2,8,0,0,0,2455
1,43,4,8,0,0,0,2432
3,46,2,8,0,0,0,2431
1,45,4,8,0,0,0,2428
14,48,5,8,0,0,0,2427
1,39,3,8,0,0,0,2413
0,41,4,8,0,0,0,2412
3,45,2,8,0,0,0,2412
3,44,2,8,0,0,0,2409
6,43,1,8,0,0,0,2406
1,38,0,8,0,0,0,2400
1,37,4,8,0,0,0,2399
1,40,4,8,0,0,0,2398
1,43,3,8,0,0,0,2397
4,45,12,8,0,0,0,2396
5,53,0,8,0,0,0,2392
1,48,7,8,0,0,0,2387
3,54,3,8,0,0,0,2386
2,54,5,8,0,0,0,2383
8,57,2,8,0,0,0,2381
1,51,0,8,0,0,0,2373
2,50,7,8,0,0,0,2372
5,55,1,8,0,0,0,2370
0,51,2,8,0,0,0,2365
5,53,7,8,0,0,0,2365
1,55,3,8,0,0,0,2360
1,57,2,8,0,0,0,2359
4,58,1,8,0,0,0,2358
4,55,4,8,0,0,0,2354
6,55,0,8,0,0,0,2350
7,49,4,8,0,0,0,2344
2,46,-4,8,0,0,0,2337
1,40,1,8,0,0,0,2335
3,40,1,8,0,0,0,2334
2,38,5,8,0,0,0,2331
1,41,0,8,0,0,0,2329
0,40,5,8,0,0,0,2328
1,45,3,8,0,0,0,2328
5,47,0,8,0,0,0,2327
2,42,0,8,0,0,0,2322
1,40,4,8,0,0,0,2320
0,43,4,8,0,0,0,2319
2,47,2,8,0,0,0,2319
4,47,3,8,0,0,0,2317
3,46,2,8,0,0,0,2313
2,45,1,8,0,0,0,2310
4,44,2,8,0,0,0,2308
3,42,0,8,0,0,0,2304
2,39,1,8,0,0,0,2301
3,38,4,8,0,0,0,2299
1,39,0,8,0,0,0,2296
0,38,4,8,0,0,0,2295
4,42,3,8,0,0,0,2295
1,41,0,8,0,0,0,2291
1,40,0,8,0,0,0,2290
2,39,3,8,0,0,0,2289
0,40,0,8,0,0,0,2287
2,40,2,8,0,0,0,2287
3,40,1,8,0,0,0,2285
0,38,1,8,0,0,0,2282
3,39,2,8,0,0,0,2282
2,38,0,8,0,0,0,2279
2,36,1,8,0,0,0,2277
8,35,2,8,0,0,0,2275
1,29,1,8,0,0,0,2267
1,29,3,8,0,0,0,2266
2,31,4,8,0,0,0,2265
4,33,3,8,0,0,0,2263
2,32,1,8,0,0,0,2259
4,31,1,8,0,0,0,2257
1,28,1,8,0,0,0,2253
1,28,3,8,0,0,0,2252
2,30,1,8,0,0,0,2251
3,29,6,8,0,0,0,2249
1,32,3,8,0,0,0,2246
0,34,1,8,0,0,0,2245
0,35,3,8,0,0,0,2245
1,38,7,8,0,0,0,2245
1,44,2,8,0,0,0,2244
3,45,1,8,0,0,0,2243
2,43,4,8,0,0,0,2240
2,45,1,8,0,0,0,2238
1,44,2,8,0,0,0,2236
2,45,2,8,0,0,0,2235
4,45,2,8,0,0,0,2233
4,43,5,8,0,0,0,2229
3,44,6,8,0,0,0,2225
1,47,1,8,0,0,0,2222
3,47,4,8,0,0,0,2221
3,48,3,8,0,0,0,2218
3,48,1,8,0,0,0,2215
6,46,3,8,0,0,0,2212
1,43,0,8,0,0,0,2206
5,42,1,8,0,0,0,2205
2,38,8,8,0,0,0,2200
1,44,5,8,0,0,0,2198
1,48,1,8,0,0,0,2197
9,48,3,8,0,0,0,2196
3,42,3,8,0,0,0,2187
1,42,8,8,0,0,0,2184
3,49,5,8,0,0,0,2183
0,51,9,8,0,0,0,2180
3,60,0,8,0,0,0,2180
6,57,4,8,0,0,0,2177
8,55,3,8,0,0,0,2171
4,50,4,8,0,0,0,2163
2,50,3,8,0,0,0,2159
3,51,1,8,0,0,0,2157
2,49,0,8,0,0,0,2154
1,47,3,8,0,0,0,2152
0,49,3,8,0,0,0,2151
7,52,3,8,0,0,0,2151
9,48,5,8,0,0,0,2144
0,44,0,8,0,0,0,2135
1,44,2,8,0,0,0,2135
2,45,3,8,0,0,0,2134
3,46,1,8,0,0,0,2132
2,44,0,8,0,0,0,2129
3,42,12,8,0,0,0,2127
0,51,0,8,0,0,0,2124
3,51,5,8,0,0,0,2124
5,53,1,8,0,0,0,2121
0,49,0,8,0,0,0,2116
1,49,2,8,0,0,0,2116
7,50,0,8,0,0,0,2115
2,43,2,8,0,0,0,2108
2,43,2,8,0,0,0,2106
5,43,1,8,0,0,0,2104
1,39,3,8,0,0,0,2099
5,41,5,8,0,0,0,2098
0,41,0,8,0,0,0,2093
3,41,5,8,0,0,0,2093
3,43,4,8,0,0,0,2090
1,44,1,8,0,0,0,2087
2,44,2,8,0,0,0,2086
3,44,2,8,0,0,0,2084
3,43,2,8,0,0,0,2081
0,42,0,8,0,0,0,2078
3,42,4,8,0,0,0,2078
7,43,2,8,0,0,0,2075
0,38,0,8,0,0,0,2068
1,38,0,8,0,0,0,2068
2,37,2,8,0,0,0,2067
5,37,5,8,0,0,0,2065
0,37,0,8,0,0,0,2060
3,37,1,8,0,0,0,2060
4,35,2,8,0,0,0,2057
2,33,0,8,0,0,0,2053
2,31,1,8,0,0,0,2051
3,30,1,8,0,0,0,2049
2,28,2,8,0,0,0,2046
3,28,0,8,0,0,0,2044
1,25,0,8,0,0,0,2041
1,24,5,8,0,0,0,2040
1,28,5,8,0,0,0,2039
0,32,2,8,0,0,0,2038
2,34,3,8,0,0,0,2038
0,35,0,8,0,0,0,2036
1,35,7,8,0,0,0,2036
4,41,6,8,0,0,0,2035
0,43,0,8,0,0,0,2031
3,43,1,8,0,0,0,2031
1,41,2,8,0,0,0,2028
1,42,3,8,0,0,0,2027
4,44,1,8,0,0,0,2026
1,41,0,8,0,0,0,2022
3,40,0,8,0,0,0,2021
1,37,0,8,0,0,0,2018
1,36,1,8,0,0,0,2017
1,36,2,8,0,0,0,2016
2,37,1,8,0,0,0,2015
3,36,1,8,0,0,0,2013
1,34,2,8,0,0,0,2010
2,35,2,8,0,0,0,2009
3,35,4,8,0,0,0,2007
2,36,4,8,0,0,0,2004
2,38,0,8,0,0,0,2002
3,36,3,8,0,0,0,2000
1,36,1,8,0,0,0,1997
4,36,1,8,0,0,0,1996
3,33,2,8,0,0,0,1992
0,32,0,8,0,0,0,1989
1,32,2,8,0,0,0,1989
0,33,0,8,0,0,0,1988
0,33,5,8,0,0,0,1988
0,38,0,8,0,0,0,1988
4,38,1,8,0,0,0,1988
1,35,1,8,0,0,0,1984
8,35,3,8,0,0,0,1983
0,30,2,8,0,0,0,1975
0,32,0,8,0,0,0,1975
0,32,2,8,0,0,0,1975
2,34,0,8,0,0,0,1975
1,32,3,8,0,0,0,1973
1,34,5,8,0,0,0,1972
3,38,2,8,0,0,0,1971
2,37,1,8,0,0,0,1968
3,36,0,8,0,0,0,1966
7,33,1,8,0,0,0,1963
0,27,3,8,0,0,0,1956
1,30,3,8,0,0,0,1956
0,32,6,8,0,0,0,1955
10,38,5,8,0,0,0,1955
0,33,2,8,0,0,0,1945
2,35,0,8,0,0,0,1945
2,33,3,8,8,0,0,1943
3,42,3,0,-8,0,0,1941
0,34,5,8,0,0,0,1938
3,39,0,8,0,0,0,1938
8,36,4,8,0,0,0,1935
5,32,5,8,0,0,0,1927
3,32,0,8,0,0,0,1922
3,29,5,8,0,0,0,1919
2,31,7,8,0,0,0,1916
3,36,0,8,0,0,0,1914
2,33,1,8,0,0,0,1911
1,32,4,8,0,0,0,1909
4,35,8,8,0,0,0,1908
0,39,0,8,0,0,0,1904
9,39,9,8,0,0,0,1904
0,39,0,8,0,0,0,1895
3,39,4,8,0,0,0,1895
3,40,3,8,0,0,0,1892
5,40,1,8,0,0,0,1889
3,36,8,8,0,0,0,1884
4,41,0,8,0,0,0,1881
2,37,1,8,0,0,0,1877
6,36,5,8,0,0,0,1875
0,35,0,8,0,0,0,1869
6,35,1,8,0,0,0,1869
2,30,2,8,0,0,0,1863
3,30,1,8,0,0,0,1861
6,28,0,8,0,0,0,1858
1,22,1,8,0,0,0,1852
3,22,6,8,0,0,0,1851
0,25,7,8,0,0,0,1848
2,32,0,8,0,0,0,1848
5,30,2,8,0,0,0,1846
1,27,2,8,0,0,0,1841
6,28,1,8,0,0,0,1840
5,23,4,8,0,0,0,1834
2,22,0,8,0,0,0,1829
0,20,3,8,0,0,0,1827
8,23,4,8,0,0,0,1827
5,19,7,8,0,0,0,1819
0,21,4,8,0,0,0,1814
2,21,0,8,0,0,0,1814
3,19,3,8,0,0,0,1812
2,19,2,8,0,0,0,1809
0,19,3,8,0,0,0,1807
4,22,3,8,0,0,0,1807
3,21,3,8,0,0,0,1803
3,21,3,8,0,0,0,1800
4,21,1,8,0,0,0,1797
6,18,3,8,0,0,0,1793
3,15,4,8,0,0,0,1787
1,16,3,8,0,0,0,1784
1,18,4,8,0,0,0,1783
4,21,5,8,0,0,0,1782
1,22,0,8,0,0,0,1778
1,21,3,8,0,0,0,1777
2,23,2,8,0,0,0,1776
4,23,0,8,0,0,0,1774
1,19,6,8,0,0,0,1770
0,24,2,8,0,0,0,1769
2,26,2,8,0,0,0,1769
4,26,6,8,0,0,0,1767
3,28,4,8,0,0,0,1763
2,29,1,8,0,0,0,1760
13,28,0,8,0,0,0,1758
3,15,1,8,0,0,0,1745
2,13,0,8,0,0,0,1742
2,11,3,8,0,0,0,1740
0,12,0,8,0,0,0,1738
1,12,2,8,0,0,0,1738
2,13,1,8,0,0,0,1737
1,12,11,8,0,0,0,1735
0,22,0,8,0,0,0,1734
4,22,2,8,0,0,0,1734
3,20,1,8,0,0,0,1730
0,18,2,8,0,0,0,1727
2,20,3,8,0,0,0,1727
0,21,1,8,0,0,0,1725
0,22,8,8,0,0,0,1725
0,30,0,8,0,0,0,1725
4,30,0,8,0,0,0,1725
1,26,3,8,0,0,0,1721
8,28,0,8,0,0,0,1720
3,20,1,8,0,0,0,1712
2,18,2,8,0,0,0,1709
0,18,3,8,0,0,0,1707
2,21,2,8,0,0,0,1707
6,21,4,8,0,0,0,1705
3,19,1,8,0,0,0,1699
3,17,2,8,0,0,0,1696
5,16,5,8,0,0,0,1693
1,16,3,8,0,0,0,1688
0,18,0,8,0,0,0,1687
0,18,2,8,0,0,0,1687
0,20,0,8,0,0,0,1687
4,20,2,8,0,0,0,1687
1,18,3,8,0,0,0,1683
2,20,1,8,0,0,0,1682
2,19,0,8,0,0,0,1680
3,17,2,8,0,0,0,1678
1,16,3,8,0,0,0,1675
2,18,3,8,0,0,0,1674
0,19,0,8,0,0,0,1672
0,19,3,8,0,0,0,1672
3,22,1,8,0,0,0,1672
2,20,2,8,0,0,0,1669
5,20,2,8,0,0,0,1667
1,17,0,8,0,0,0,1662
2,16,0,8,0,0,0,1661
0,14,0,8,0,0,0,1659
0,14,1,8,0,0,0,1659
2,15,0,8,0,0,0,1659
3,13,0,8,0,0,0,1657
4,10,0,8,0,0,0,1654
0,6,0,8,0,0,0,1650
0,6,1,8,0,0,0,1650
0,7,1,8,0,0,0,1650
2,8,0,8,0,0,0,1650
0,6,0,8,0,0,0,1648
1,6,0,8,0,0,0,1648
0,5,3,8,0,0,0,1647
2,8,0,8,0,0,0,1647
1,6,0,8,0,0,0,1645
1,5,0,8,0,0,0,1644
0,4,0,8,0,0,0,1643
0,4,2,8,0,0,0,1643
1,6,2,8,0,0,0,1643
0,7,0,8,0,0,0,1642
1,7,0,8,0,0,0,1642
0,6,0,8,0,0,0,1641
4,6,2,8,0,0,0,1641
0,4,3,8,0,0,0,1637
0,7,0,8,0,0,0,1637
2,7,1,8,0,0,0,1637
1,6,1,8,0,0,0,1635
0,6,1,8,0,0,0,1634
0,7,0,8,0,0,0,1634
0,7,5,8,0,0,0,1634
0,12,0,8,0,0,0,1634
0,12,1,8,0,0,0,1634
3,13,9,8,0,0,0,1634
3,19,1,8,0,0,0,1631
0,17,10,8,0,0,0,1628
0,27,1,8,0,0,0,1628
3,28,2,8,0,0,0,1628
0,27,0,8,0,0,0,1625
17,27,0,8,0,0,0,1625
1,10,1,8,0,0,0,1608
0,10,1,8,0,0,0,1607
3,11,1,8,0,0,0,1607
0,9,1,8,0,0,0,1604
2,10,1,8,0,0,0,1604
1,9,1,8,0,0,0,1602
0,9,0,8,0,0,0,1601
3,9,0,8,0,0,0,1601
1,6,1,8,0,0,0,1598
1,6,0,8,0,0,0,1597
1,5,0,8,0,0,0,1596
0,4,0,8,0,0,0,1595
2,4,0,8,0,0,0,1595
0,2,0,8,0,0,0,1593
1,2,1,8,0,0,0,1593
0,2,0,8,0,0,0,1592
0,2,1,8,0,0,0,1592
0,3,0,8,0,0,0,1592
0,3,0,8,0,0,0,1592
0,3,1,8,0,0,0,1592
1,4,0,8,0,0,0,1592
0,3,0,8,0,0,0,1591
1,3,1,8,0,0,0,1591
0,3,0,8,0,0,0,1590
0,3,0,8,0,0,0,1590
0,3,0,8,0,0,0,1590
0,3,0,8,0,0,0,1590
0,3,0,8,0,0,0,1590
0,2,0,8,0,0,0,1589
0,2,0,8,0,0,0,1589
0,2,1,8,0,0,0,1589
0,3,0,8,0,0,0,1589
0,3,1,8,0,0,0,1589
0,4,1,8,0,0,0,1589
0,5,0,8,0,0,0,1589
0,5,1,8,0,0,0,1589
0,6,0,8,0,0,0,1589
1,6,0,8,0,0,0,1589
0,5,4,8,0,0,0,1588
0,9,2,8,0,0,0,1588
0,11,2,8,0,0,0,1588
0,13,0,8,0,0,0,1588
0,13,2,8,0,0,0,1588
0,15,8,8,0,0,0,1588
0,23,3,8,0,0,0,1588
1,26,7,8,0,0,0,1588
0,32,5,8,0,0,0,1587
1,37,0,8,0,0,0,1587
1,36,8,8,0,0,0,1586
0,43,6,8,0,0,0,1585
1,49,10,8,0,0,0,1585
2,58,7,8,0,0,0,1584
0,63,10,8,0,0,0,1582
1,73,7,8,0,0,0,1582
1,79,4,8,0,0,0,1581
1,82,8,8,0,0,0,1580
2,89,7,8,0,0,0,1579
6,94,4,8,0,0,0,1577
5,92,9,8,0,0,0,1571
2,96,4,8,0,0,0,1566
6,98,4,8,0,0,0,1564
3,93,11,8,0,0,0,1555
4,101,6,8,0,0,0,1552
4,103,3,8,0,0,0,1548
5,102,11,8,0,0,0,1544
3,108,12,8,0,0,0,1539
3,117,10,8,0,0,0,1536
1,124,6,8,0,0,0,1533
7,129,8,8,0,0,0,1532
8,129,9,8,0,0,0,1524
2,130,10,8,0,0,0,1516
6,138,12,8,0,0,0,1514
6,143,-1,8,0,0,0,1507
9,136,4,8,0,0,0,1501
6,129,2,8,0,0,0,1490
9,125,2,8,0,0,0,1484
8,118,8,8,0,0,0,1475
11,118,4,8,0,0,0,1467
12,111,1,8,0,0,0,1456
11,100,2,8,0,0,0,1444
5,91,1,8,0,0,0,1433
15,87,1,8,0,0,0,1428
6,73,3,8,0,0,0,1413
8,70,4,8,0,0,0,1407
7,66,3,8,0,0,0,1399
14,62,4,8,0,0,0,1392
9,52,6,8,0,0,0,1378
5,49,5,8,0,0,0,1369
3,49,1,8,0,0,0,1364
4,47,3,8,0,0,0,1361
1,46,4,8,0,0,0,1357
0,49,3,8,0,0,0,1356
0,52,8,8,0,0,0,1356
3,60,6,8,0,0,0,1356
0,63,12,8,0,0,0,1353
1,75,10,8,0,0,0,1353
0,84,10,8,1,0,0,1352
0,95,17,7,0,0,0,1352
1,112,24,7,0,0,0,1352
1,135,50,7,0,0,0,1351
0,184,30,7,0,0,0,1350
0,214,48,7,0,0,0,1350
0,262,47,7,0,0,0,1350
1,309,25,7,0,0,0,1350
0,333,37,7,0,0,0,1349
1,370,53,7,0,0,0,1349
1,422,46,7,0,0,0,1348
0,467,32,7,0,0,0,1347
0,499,36,7,0,0,0,1347
2,535,33,7,1,0,0,1347
3,567,32,6,0,0,0,1345
3,596,20,6,1,0,0,1342
6,614,56,5,0,0,0,1339
1,664,45,5,0,0,0,1333
1,708,48,5,0,0,0,1332
3,755,41,5,1,0,0,1331
6,794,57,4,0,0,0,1328
6,845,37,4,2,0,0,1322
22,878,50,2,0,0,0,1316
33,906,54,2,0,0,0,1294
20,927,48,2,0,0,0,1261
22,955,43,2,1,0,0,1241
42,977,60,1,0,0,0,1219
26,995,38,1,0,0,0,1177
31,1007,18,1,0,0,0,1151
45,994,28,1,0,0,0,1120
57,977,28,1,0,0,0,1075
74,948,20,1,1,0,0,1018
74,895,17,0,0,0,0,944
73,838,11,0,0,0,0,870
114,776,6,0,0,0,0,797
79,668,1,0,0,0,0,683
84,590,3,0,0,0,0,604
127,509,2,0,0,0,0,520
82,384,3,0,0,0,0,393
70,305,1,0,0,0,0,311
53,236,1,0,0,0,0,241
42,184,2,0,0,0,0,188
48,144,0,0,0,0,0,146
20,96,0,0,0,0,0,98
25,76,0,0,0,0,0,78
21,51,2,0,0,0,0,53
6,32,0,0,0,0,0,32
12,26,0,0,0,0,0,26
13,14,0,0,0,0,0,14
0,1,0,0,0,0,0,1
