﻿省份,城市,日期,累计确诊,新增确诊,累计治愈,新增治愈,累计死亡,新增死亡,新增无症状,新增本土确诊
广东,深圳,2022-12-17,6653,63,4897,0,3,0,0,60
广东,深圳,2022-12-16,6590,63,4897,0,3,0,0,61
广东,深圳,2022-12-15,6527,58,4897,0,3,0,0,57
广东,深圳,2022-12-14,6469,72,4897,0,3,0,0,71
广东,深圳,2022-12-13,6397,85,4897,0,3,0,29,83
广东,深圳,2022-12-12,6312,78,4897,0,3,0,37,78
广东,深圳,2022-12-11,6234,87,4897,0,3,0,39,81
广东,深圳,2022-12-10,6147,75,4897,63,3,0,52,73
广东,深圳,2022-12-09,6072,63,4834,0,3,0,68,62
广东,深圳,2022-12-08,6009,68,4834,106,3,0,72,67
广东,深圳,2022-12-07,5941,56,4728,34,3,0,108,49
广东,深圳,2022-12-06,5885,118,4694,34,3,0,68,116
广东,深圳,2022-12-05,5767,138,4660,29,3,0,92,131
广东,深圳,2022-12-04,5629,156,4631,64,3,0,101,146
广东,深圳,2022-12-03,5473,126,4567,0,3,0,107,119
广东,深圳,2022-12-02,5347,121,4567,20,3,0,107,116
广东,深圳,2022-12-01,5226,87,4547,17,3,0,94,81
广东,深圳,2022-11-30,5139,94,4530,15,3,0,141,87
广东,深圳,2022-11-29,5045,82,4515,16,3,0,125,74
广东,深圳,2022-11-28,4963,69,4499,8,3,0,136,65
广东,深圳,2022-11-27,4894,61,4491,17,3,0,72,54
广东,深圳,2022-11-26,4833,60,4474,10,3,0,32,51
广东,深圳,2022-11-25,4773,33,4464,3,3,0,27,24
广东,深圳,2022-11-24,4740,39,4461,21,3,0,15,28
广东,深圳,2022-11-23,4701,42,4440,0,3,0,33,33
广东,深圳,2022-11-22,4659,22,4440,21,3,0,25,15
广东,深圳,2022-11-21,4637,27,4419,37,3,0,14,16
广东,深圳,2022-11-20,4610,28,4382,0,3,0,14,6
广东,深圳,2022-11-19,4582,17,4382,0,3,0,10,6
广东,深圳,2022-11-18,4565,17,4382,21,3,0,14,9
广东,深圳,2022-11-17,4548,13,4361,0,3,0,5,7
广东,深圳,2022-11-16,4535,11,4361,19,3,0,1,6
广东,深圳,2022-11-15,4524,18,4342,8,3,0,3,9
广东,深圳,2022-11-14,4506,9,4334,48,3,0,4,1
广东,深圳,2022-11-13,4497,14,4286,0,3,0,4,2
广东,深圳,2022-11-12,4483,12,4286,0,3,0,9,5
广东,深圳,2022-11-11,4471,9,4286,22,3,0,5,2
广东,深圳,2022-11-10,4462,16,4264,0,3,0,1,3
广东,深圳,2022-11-09,4446,9,4264,14,3,0,2,0
广东,深圳,2022-11-08,4437,9,4250,0,3,0,2,1
广东,深圳,2022-11-07,4428,11,4250,11,3,0,0,1
广东,深圳,2022-11-06,4417,10,4239,0,3,0,1,3
广东,深圳,2022-11-05,4407,15,4239,15,3,0,1,1
广东,深圳,2022-11-04,4392,11,4224,0,3,0,3,4
广东,深圳,2022-11-03,4381,20,4224,8,3,0,3,9
广东,深圳,2022-11-02,4361,17,4216,11,3,0,1,10
广东,深圳,2022-11-01,4344,21,4205,21,3,0,5,18
广东,深圳,2022-10-31,4323,27,4184,0,3,0,6,23
广东,深圳,2022-10-30,4296,24,4184,16,3,0,9,21
广东,深圳,2022-10-29,4272,12,4168,15,3,0,4,6
广东,深圳,2022-10-28,4260,13,4153,22,3,0,4,2
广东,深圳,2022-10-27,4247,7,4131,23,3,0,0,2
广东,深圳,2022-10-26,4240,2,4108,25,3,0,2,0
广东,深圳,2022-10-25,4238,6,4083,33,3,0,3,2
广东,深圳,2022-10-24,4232,9,4050,39,3,0,1,3
广东,深圳,2022-10-23,4223,7,4011,18,3,0,3,0
广东,深圳,2022-10-22,4216,16,3993,17,3,0,6,11
广东,深圳,2022-10-21,4200,13,3976,16,3,0,3,7
广东,深圳,2022-10-20,4187,16,3960,17,3,0,5,9
广东,深圳,2022-10-19,4171,12,3943,22,3,0,5,10
广东,深圳,2022-10-18,4159,15,3921,22,3,0,9,11
广东,深圳,2022-10-17,4144,16,3899,0,3,0,10,10
广东,深圳,2022-10-16,4128,18,3899,43,3,0,5,10
广东,深圳,2022-10-15,4110,18,3856,16,3,0,8,7
广东,深圳,2022-10-14,4092,39,3840,37,3,0,10,26
广东,深圳,2022-10-13,4053,30,3803,0,3,0,11,21
广东,深圳,2022-10-12,4023,30,3803,14,3,0,7,19
广东,深圳,2022-10-11,3993,29,3789,38,3,0,6,23
广东,深圳,2022-10-10,3964,26,3751,17,3,0,19,14
广东,深圳,2022-10-09,3938,19,3734,0,3,0,1,9
广东,深圳,2022-10-08,3919,9,3734,0,3,0,3,4
广东,深圳,2022-10-07,3910,8,3734,15,3,0,1,3
广东,深圳,2022-10-06,3902,19,3719,31,3,0,3,4
广东,深圳,2022-10-05,3883,17,3688,0,3,0,4,6
广东,深圳,2022-10-04,3866,16,3688,0,3,0,10,11
广东,深圳,2022-10-03,3850,17,3688,9,3,0,4,7
广东,深圳,2022-10-02,3833,17,3679,7,3,0,18,14
广东,深圳,2022-10-01,3816,25,3672,0,3,0,8,16
广东,深圳,2022-09-30,3791,22,3672,12,3,0,19,16
广东,深圳,2022-09-29,3769,20,3660,8,3,0,12,15
广东,深圳,2022-09-28,3749,16,3652,5,3,0,2,13
广东,深圳,2022-09-27,3733,8,3647,23,3,0,0,3
广东,深圳,2022-09-26,3725,14,3624,12,3,0,3,7
广东,深圳,2022-09-25,3711,12,3612,13,3,0,5,5
广东,深圳,2022-09-24,3699,1,3599,18,3,0,0,1
广东,深圳,2022-09-23,3698,6,3581,31,3,0,0,1
广东,深圳,2022-09-22,3692,9,3550,61,3,0,0,1
广东,深圳,2022-09-21,3683,2,3489,0,3,0,0,0
广东,深圳,2022-09-20,3681,7,3489,37,3,0,0,2
广东,深圳,2022-09-19,3674,5,3452,92,3,0,0,0
广东,深圳,2022-09-18,3669,4,3360,0,3,0,0,0
广东,深圳,2022-09-17,3665,4,3360,42,3,0,1,1
广东,深圳,2022-09-16,3661,5,3318,45,3,0,0,2
广东,深圳,2022-09-15,3656,8,3273,95,3,0,0,3
广东,深圳,2022-09-14,3648,9,3178,0,3,0,1,4
广东,深圳,2022-09-13,3639,12,3178,58,3,0,3,5
广东,深圳,2022-09-12,3627,12,3120,50,3,0,4,4
广东,深圳,2022-09-11,3615,17,3070,0,3,0,11,14
广东,深圳,2022-09-10,3598,16,3070,0,3,0,8,12
广东,深圳,2022-09-09,3582,33,3070,12,3,0,6,22
广东,深圳,2022-09-08,3549,31,3058,12,3,0,28,26
广东,深圳,2022-09-07,3518,21,3046,12,3,0,7,18
广东,深圳,2022-09-06,3497,34,3034,19,3,0,13,27
广东,深圳,2022-09-05,3463,37,3015,10,3,0,9,27
广东,深圳,2022-09-04,3426,58,3005,5,3,0,21,50
广东,深圳,2022-09-03,3368,77,3000,7,3,0,20,69
广东,深圳,2022-09-02,3291,65,2993,7,3,0,33,54
广东,深圳,2022-09-01,3226,56,2986,19,3,0,37,50
广东,深圳,2022-08-31,3170,43,2967,0,3,0,27,35
广东,深圳,2022-08-30,3127,23,2967,6,3,0,17,20
广东,深圳,2022-08-29,3104,27,2961,6,3,0,11,24
广东,深圳,2022-08-28,3077,12,2955,7,3,0,2,9
广东,深圳,2022-08-27,3065,21,2948,7,3,0,0,12
广东,深圳,2022-08-26,3044,13,2941,14,3,0,2,6
广东,深圳,2022-08-25,3031,8,2927,8,3,0,4,4
广东,深圳,2022-08-24,3023,11,2919,2,3,0,2,4
广东,深圳,2022-08-23,3012,16,2917,2,3,0,5,9
广东,深圳,2022-08-22,2996,9,2915,0,3,0,0,0
广东,深圳,2022-08-21,2987,14,2915,14,3,0,4,3
广东,深圳,2022-08-20,2973,5,2901,6,3,0,8,3
广东,深圳,2022-08-19,2968,5,2895,5,3,0,2,0
广东,深圳,2022-08-18,2963,5,2890,6,3,0,1,0
广东,深圳,2022-08-17,2958,5,2884,0,3,0,0,0
广东,深圳,2022-08-16,2953,6,2884,18,3,0,0,0
广东,深圳,2022-08-15,2947,1,2866,0,3,0,2,0
广东,深圳,2022-08-14,2946,10,2866,21,3,0,0,2
广东,深圳,2022-08-13,2936,7,2845,10,3,0,0,0
广东,深圳,2022-08-12,2929,7,2835,15,3,0,2,1
广东,深圳,2022-08-11,2922,3,2820,0,3,0,0,1
广东,深圳,2022-08-10,2919,7,2820,11,3,0,0,0
广东,深圳,2022-08-09,2912,2,2809,0,3,0,0,0
广东,深圳,2022-08-08,2910,8,2809,35,3,0,0,0
广东,深圳,2022-08-07,2902,14,2774,0,3,0,0,0
广东,深圳,2022-08-06,2888,11,2774,33,3,0,0,0
广东,深圳,2022-08-05,2877,5,2741,33,3,0,0,0
广东,深圳,2022-08-04,2872,7,2708,0,3,0,0,0
广东,深圳,2022-08-03,2865,16,2708,15,3,0,0,0
广东,深圳,2022-08-02,2849,15,2693,26,3,0,1,0
广东,深圳,2022-08-01,2834,12,2667,10,3,0,1,0
广东,深圳,2022-07-31,2822,11,2657,13,3,0,1,0
广东,深圳,2022-07-30,2811,5,2644,9,3,0,2,1
广东,深圳,2022-07-29,2806,4,2635,26,3,0,2,1
广东,深圳,2022-07-28,2802,9,2609,0,3,0,2,2
广东,深圳,2022-07-27,2793,8,2609,0,3,0,8,4
广东,深圳,2022-07-26,2785,14,2609,9,3,0,3,2
广东,深圳,2022-07-25,2771,16,2600,0,3,0,15,5
广东,深圳,2022-07-24,2755,18,2600,4,3,0,13,9
广东,深圳,2022-07-23,2737,13,2596,5,3,0,10,10
广东,深圳,2022-07-22,2724,23,2591,3,3,0,9,22
广东,深圳,2022-07-21,2701,25,2588,0,3,0,13,7
广东,深圳,2022-07-20,2676,20,2588,4,3,0,5,17
广东,深圳,2022-07-19,2656,18,2584,13,3,0,5,14
广东,深圳,2022-07-18,2638,6,2571,13,3,0,5,3
广东,深圳,2022-07-17,2632,13,2558,0,3,0,8,1
广东,深圳,2022-07-16,2619,4,2558,10,3,0,2,2
广东,深圳,2022-07-15,2615,5,2548,2,3,0,5,0
广东,深圳,2022-07-14,2610,5,2546,0,3,0,1,1
广东,深圳,2022-07-13,2605,9,2546,7,3,0,2,1
广东,深圳,2022-07-12,2596,6,2539,6,3,0,1,1
广东,深圳,2022-07-11,2590,8,2533,0,3,0,4,0
广东,深圳,2022-07-10,2582,7,2533,1,3,0,1,2
广东,深圳,2022-07-09,2575,6,2532,0,3,0,2,1
广东,深圳,2022-07-08,2569,7,2532,5,3,0,1,0
广东,深圳,2022-07-07,2562,10,2527,0,3,0,4,2
广东,深圳,2022-07-06,2552,4,2527,0,3,0,1,1
广东,深圳,2022-07-05,2548,4,2527,0,3,0,0,0
广东,深圳,2022-07-04,2544,1,2527,0,3,0,1,0
广东,深圳,2022-07-03,2543,0,2527,1,3,0,0,0
广东,深圳,2022-07-02,2543,1,2526,0,3,0,0,0
广东,深圳,2022-07-01,2542,1,2526,1,3,0,1,0
广东,深圳,2022-06-30,2541,0,2525,0,3,0,2,0
广东,深圳,2022-06-29,2541,3,2525,1,3,0,2,2
广东,深圳,2022-06-28,2538,1,2524,1,3,0,2,1
广东,深圳,2022-06-27,2537,1,2523,1,3,0,4,1
广东,深圳,2022-06-26,2536,0,2522,0,3,0,3,0
广东,深圳,2022-06-25,2536,0,2522,0,3,0,4,0
广东,深圳,2022-06-24,2536,5,2522,0,3,0,2,5
广东,深圳,2022-06-23,2531,1,2522,0,3,0,4,1
广东,深圳,2022-06-22,2530,0,2522,0,3,0,3,0
广东,深圳,2022-06-21,2530,0,2522,1,3,0,0,0
广东,深圳,2022-06-20,2530,1,2521,0,3,0,2,0
广东,深圳,2022-06-19,2529,0,2521,0,3,0,0,0
广东,深圳,2022-06-18,2529,1,2521,1,3,0,2,0
广东,深圳,2022-06-17,2528,0,2520,2,3,0,0,0
广东,深圳,2022-06-16,2528,2,2518,0,3,0,0,0
广东,深圳,2022-06-15,2526,0,2518,0,3,0,0,0
广东,深圳,2022-06-14,2526,0,2518,2,3,0,0,0
广东,深圳,2022-06-13,2526,0,2516,0,3,0,0,0
广东,深圳,2022-06-12,2526,0,2516,0,3,0,0,0
广东,深圳,2022-06-11,2526,0,2516,0,3,0,0,0
广东,深圳,2022-06-10,2526,0,2516,1,3,0,0,0
广东,深圳,2022-06-09,2526,1,2515,0,3,0,0,0
广东,深圳,2022-06-08,2525,1,2515,0,3,0,0,0
广东,深圳,2022-06-07,2524,0,2515,0,3,0,0,0
广东,深圳,2022-06-06,2524,0,2515,1,3,0,0,0
广东,深圳,2022-06-05,2524,0,2514,0,3,0,0,0
广东,深圳,2022-06-04,2524,1,2514,1,3,0,0,0
广东,深圳,2022-06-03,2523,1,2513,1,3,0,0,0
广东,深圳,2022-06-02,2522,0,2512,0,3,0,0,0
广东,深圳,2022-06-01,2522,0,2512,0,3,0,0,0
广东,深圳,2022-05-31,2522,0,2512,1,3,0,0,0
广东,深圳,2022-05-30,2522,1,2511,0,3,0,0,0
广东,深圳,2022-05-29,2521,2,2511,0,3,0,0,0
广东,深圳,2022-05-28,2519,1,2511,2,3,0,0,0
广东,深圳,2022-05-27,2518,0,2509,0,3,0,0,0
广东,深圳,2022-05-26,2518,1,2509,0,3,0,0,0
广东,深圳,2022-05-25,2517,0,2509,0,3,0,0,0
广东,深圳,2022-05-24,2517,1,2509,1,3,0,0,0
广东,深圳,2022-05-23,2516,0,2508,0,3,0,0,0
广东,深圳,2022-05-22,2516,1,2508,0,3,0,0,0
广东,深圳,2022-05-21,2515,0,2508,0,3,0,0,0
广东,深圳,2022-05-20,2515,0,2508,0,3,0,0,0
广东,深圳,2022-05-19,2515,0,2508,0,3,0,0,0
广东,深圳,2022-05-18,2515,1,2508,1,3,0,0,0
广东,深圳,2022-05-17,2514,0,2507,0,3,0,0,0
广东,深圳,2022-05-16,2514,0,2507,2,3,0,0,0
广东,深圳,2022-05-15,2514,0,2505,0,3,0,0,0
广东,深圳,2022-05-14,2514,1,2505,0,3,0,0,0
广东,深圳,2022-05-13,2513,0,2505,0,3,0,1,0
广东,深圳,2022-05-12,2513,0,2505,0,3,0,1,0
广东,深圳,2022-05-11,2513,0,2505,0,3,0,1,0
广东,深圳,2022-05-10,2513,0,2505,0,3,0,2,0
广东,深圳,2022-05-09,2513,0,2505,0,3,0,1,1
广东,深圳,2022-05-08,2513,1,2505,4,3,0,0,0
广东,深圳,2022-05-07,2512,0,2501,0,3,0,0,0
广东,深圳,2022-05-06,2512,1,2501,0,3,0,0,0
广东,深圳,2022-05-05,2511,0,2501,0,3,0,0,0
广东,深圳,2022-05-04,2511,0,2501,0,3,0,0,0
广东,深圳,2022-05-03,2511,0,2501,0,3,0,0,0
广东,深圳,2022-05-02,2511,0,2501,5,3,0,0,0
广东,深圳,2022-05-01,2511,0,2496,3,3,0,0,0
广东,深圳,2022-04-30,2511,0,2493,7,3,0,0,0
广东,深圳,2022-04-29,2511,1,2486,0,3,0,0,0
广东,深圳,2022-04-28,2510,0,2486,0,3,0,0,0
广东,深圳,2022-04-27,2510,0,2486,5,3,0,0,0
广东,深圳,2022-04-26,2510,0,2481,0,3,0,0,0
广东,深圳,2022-04-25,2510,1,2481,0,3,0,0,0
广东,深圳,2022-04-24,2509,1,2481,16,3,0,0,0
广东,深圳,2022-04-23,2508,0,2465,0,3,0,0,0
广东,深圳,2022-04-22,2508,1,2465,0,3,0,1,0
广东,深圳,2022-04-21,2507,0,2465,2,3,0,0,0
广东,深圳,2022-04-20,2507,0,2463,0,3,0,0,0
广东,深圳,2022-04-19,2507,1,2463,5,3,0,0,0
广东,深圳,2022-04-18,2506,3,2458,0,3,0,0,1
广东,深圳,2022-04-17,2503,3,2458,4,3,0,2,2
广东,深圳,2022-04-16,2500,8,2454,10,3,0,2,6
广东,深圳,2022-04-15,2492,3,2444,0,3,0,2,2
广东,深圳,2022-04-14,2489,3,2444,0,3,0,7,1
广东,深圳,2022-04-13,2486,9,2444,12,3,0,13,8
广东,深圳,2022-04-12,2477,4,2432,5,3,0,3,2
广东,深圳,2022-04-11,2473,0,2427,23,3,0,0,0
广东,深圳,2022-04-10,2473,1,2404,0,3,0,1,0
广东,深圳,2022-04-09,2472,2,2404,11,3,0,4,0
广东,深圳,2022-04-08,2470,2,2393,31,3,0,0,1
广东,深圳,2022-04-07,2468,2,2362,41,3,0,0,0
广东,深圳,2022-04-06,2466,0,2321,0,3,0,0,0
广东,深圳,2022-04-05,2466,2,2321,132,3,0,0,0
广东,深圳,2022-04-04,2464,2,2189,0,3,0,0,0
广东,深圳,2022-04-03,2462,3,2189,120,3,0,0,0
广东,深圳,2022-04-02,2459,5,2069,0,3,0,1,0
广东,深圳,2022-04-01,2454,0,2069,132,3,0,2,0
广东,深圳,2022-03-31,2454,0,1937,0,3,0,2,0
广东,深圳,2022-03-30,2454,8,1937,136,3,0,3,6
广东,深圳,2022-03-29,2446,5,1801,0,3,0,7,1
广东,深圳,2022-03-28,2441,5,1801,47,3,0,6,3
广东,深圳,2022-03-27,2436,2,1754,56,3,0,6,1
广东,深圳,2022-03-26,2434,2,1698,115,3,0,3,0
广东,深圳,2022-03-25,2432,4,1583,0,3,0,5,2
广东,深圳,2022-03-24,2428,7,1583,11,3,0,1,2
广东,深圳,2022-03-23,2421,9,1572,57,3,0,4,5
广东,深圳,2022-03-22,2412,16,1515,77,3,0,5,13
广东,深圳,2022-03-21,2396,24,1438,86,3,0,5,23
广东,深圳,2022-03-20,2372,36,1352,80,3,0,11,33
广东,深圳,2022-03-19,2336,69,1272,480,3,0,17,49
广东,深圳,2022-03-18,2267,56,792,0,3,0,31,46
广东,深圳,2022-03-17,2211,77,792,0,3,0,36,69
广东,深圳,2022-03-16,2134,83,792,27,3,0,20,71
广东,深圳,2022-03-15,2051,69,765,9,3,0,37,55
广东,深圳,2022-03-14,1982,54,756,27,3,0,21,39
广东,深圳,2022-03-13,1928,101,729,0,3,0,11,75
广东,深圳,2022-03-12,1827,77,729,10,3,0,6,60
广东,深圳,2022-03-11,1750,48,719,12,3,0,2,27
广东,深圳,2022-03-10,1702,45,707,9,3,0,2,9
广东,深圳,2022-03-09,1657,36,698,0,3,0,0,15
广东,深圳,2022-03-08,1621,31,698,22,3,0,0,6
广东,深圳,2022-03-07,1590,50,676,0,3,0,73,13
广东,深圳,2022-03-06,1540,53,676,9,3,0,0,19
广东,深圳,2022-03-05,1487,77,667,3,3,0,0,17
广东,深圳,2022-03-04,1410,85,664,0,3,0,0,21
广东,深圳,2022-03-03,1325,118,664,0,3,0,1,22
广东,深圳,2022-03-02,1207,60,664,0,3,0,2,23
广东,深圳,2022-03-01,1147,81,664,1,3,0,0,25
广东,深圳,2022-02-28,1066,50,663,0,3,0,5,23
广东,深圳,2022-02-27,1016,61,663,4,3,0,6,30
广东,深圳,2022-02-26,955,32,659,0,3,0,4,26
广东,深圳,2022-02-25,923,35,659,4,3,0,9,9
广东,深圳,2022-02-24,888,24,655,3,3,0,5,8
广东,深圳,2022-02-23,864,28,652,0,3,0,1,8
广东,深圳,2022-02-22,836,24,652,2,3,0,1,7
广东,深圳,2022-02-21,812,14,650,0,3,0,0,3
广东,深圳,2022-02-20,798,14,650,1,3,0,1,6
广东,深圳,2022-02-19,784,21,649,4,3,0,0,8
广东,深圳,2022-02-18,763,14,645,0,3,0,0,3
广东,深圳,2022-02-17,749,6,645,0,3,0,0,3
广东,深圳,2022-02-16,743,10,645,1,3,0,2,6
广东,深圳,2022-02-15,733,11,644,2,3,0,0,3
广东,深圳,2022-02-14,722,7,642,2,3,0,0,2
广东,深圳,2022-02-13,715,9,640,0,3,0,0,1
广东,深圳,2022-02-12,706,10,640,5,3,0,0,1
广东,深圳,2022-02-11,696,13,635,0,3,0,0,0
广东,深圳,2022-02-10,683,4,635,0,3,0,0,0
广东,深圳,2022-02-09,679,1,635,1,3,0,0,0
广东,深圳,2022-02-08,678,7,634,0,3,0,0,0
广东,深圳,2022-02-07,671,2,634,2,3,0,0,0
广东,深圳,2022-02-06,669,3,632,4,3,0,0,3
广东,深圳,2022-02-05,666,1,628,2,3,0,0,0
广东,深圳,2022-02-04,665,2,626,0,3,0,0,2
广东,深圳,2022-02-03,663,4,626,5,3,0,0,4
广东,深圳,2022-02-02,659,4,621,2,3,0,1,4
广东,深圳,2022-02-01,655,3,619,1,3,0,1,2
广东,深圳,2022-01-31,652,4,618,0,3,0,0,1
广东,深圳,2022-01-30,648,0,618,0,3,0,0,0
广东,深圳,2022-01-29,648,0,618,3,3,0,0,0
广东,深圳,2022-01-28,648,2,615,0,3,0,0,0
广东,深圳,2022-01-27,646,0,615,1,3,0,0,0
广东,深圳,2022-01-26,646,1,614,5,3,0,0,0
广东,深圳,2022-01-25,645,0,609,0,3,0,0,0
广东,深圳,2022-01-24,645,1,609,0,3,0,0,0
广东,深圳,2022-01-23,644,0,609,2,3,0,0,0
广东,深圳,2022-01-22,644,1,607,2,3,0,0,0
广东,深圳,2022-01-21,643,0,605,0,3,0,0,0
广东,深圳,2022-01-20,643,3,605,8,3,0,0,0
广东,深圳,2022-01-19,640,0,597,0,3,0,0,0
广东,深圳,2022-01-18,640,1,597,0,3,0,0,0
广东,深圳,2022-01-17,639,1,597,1,3,0,0,0
广东,深圳,2022-01-16,638,2,596,0,3,0,0,0
广东,深圳,2022-01-15,636,0,596,0,3,0,0,0
广东,深圳,2022-01-14,636,3,596,0,3,0,0,0
广东,深圳,2022-01-13,633,1,596,0,3,0,0,0
广东,深圳,2022-01-12,632,2,596,0,3,0,0,0
广东,深圳,2022-01-11,630,7,596,1,3,0,0,0
广东,深圳,2022-01-10,623,0,595,0,3,0,0,0
广东,深圳,2022-01-09,623,2,595,0,3,0,0,0
广东,深圳,2022-01-08,621,2,595,0,3,0,0,0
广东,深圳,2022-01-07,619,2,595,0,3,0,0,0
广东,深圳,2022-01-06,617,0,595,0,3,0,0,0
广东,深圳,2022-01-05,617,1,595,1,3,0,0,0
广东,深圳,2022-01-04,616,1,594,0,3,0,0,0
广东,深圳,2022-01-03,615,4,594,2,3,0,0,0
广东,深圳,2022-01-02,611,0,592,1,3,0,0,0
广东,深圳,2022-01-01,611,1,591,0,3,0,0,0
广东,深圳,2021-12-31,610,6,591,2,3,0,0,0
广东,深圳,2021-12-30,604,0,589,0,3,0,0,0
广东,深圳,2021-12-29,604,0,589,0,3,0,0,0
广东,深圳,2021-12-28,604,0,589,0,3,0,0,0
广东,深圳,2021-12-27,604,0,589,0,3,0,0,0
广东,深圳,2021-12-26,604,0,589,0,3,0,0,0
广东,深圳,2021-12-25,604,0,589,0,3,0,0,0
广东,深圳,2021-12-24,604,5,589,0,3,0,0,0
广东,深圳,2021-12-23,599,0,589,1,3,0,0,0
广东,深圳,2021-12-22,599,1,588,0,3,0,0,0
广东,深圳,2021-12-21,598,0,588,1,3,0,0,0
广东,深圳,2021-12-20,598,0,587,0,3,0,0,0
广东,深圳,2021-12-19,598,0,587,0,3,0,0,0
广东,深圳,2021-12-18,598,1,587,0,3,0,0,0
广东,深圳,2021-12-17,597,2,587,1,3,0,0,0
广东,深圳,2021-12-16,595,1,586,0,3,0,0,0
广东,深圳,2021-12-15,594,0,586,0,3,0,0,0
广东,深圳,2021-12-14,594,0,586,1,3,0,0,0
广东,深圳,2021-12-13,594,0,585,0,3,0,0,0
广东,深圳,2021-12-12,594,0,585,0,3,0,0,0
广东,深圳,2021-12-11,594,0,585,0,3,0,0,0
广东,深圳,2021-12-10,594,0,585,0,3,0,0,0
广东,深圳,2021-12-09,594,0,585,0,3,0,0,0
广东,深圳,2021-12-08,594,0,585,0,3,0,0,0
广东,深圳,2021-12-07,594,0,585,0,3,0,0,0
广东,深圳,2021-12-06,594,0,585,0,3,0,0,0
广东,深圳,2021-12-05,594,0,585,0,3,0,0,0
广东,深圳,2021-12-04,594,0,585,0,3,0,0,0
广东,深圳,2021-12-03,594,0,585,0,3,0,0,0
广东,深圳,2021-12-02,594,0,585,0,3,0,0,0
广东,深圳,2021-12-01,594,1,585,0,3,0,0,0
广东,深圳,2021-11-30,593,1,585,1,3,0,0,0
广东,深圳,2021-11-29,592,0,584,0,3,0,0,0
广东,深圳,2021-11-28,592,0,584,0,3,0,0,0
广东,深圳,2021-11-27,592,0,584,0,3,0,0,0
广东,深圳,2021-11-26,592,0,584,0,3,0,0,0
广东,深圳,2021-11-25,592,0,584,0,3,0,0,0
广东,深圳,2021-11-24,592,2,584,0,3,0,0,0
广东,深圳,2021-11-23,590,0,584,0,3,0,0,0
广东,深圳,2021-11-22,590,0,584,0,3,0,0,0
广东,深圳,2021-11-21,590,0,584,0,3,0,0,0
广东,深圳,2021-11-20,590,0,584,0,3,0,0,0
广东,深圳,2021-11-19,590,0,584,0,3,0,0,0
广东,深圳,2021-11-18,590,2,584,0,3,0,0,0
广东,深圳,2021-11-17,588,0,584,0,3,0,0,0
广东,深圳,2021-11-16,588,0,584,1,3,0,0,0
广东,深圳,2021-11-15,588,0,583,0,3,0,0,0
广东,深圳,2021-11-14,588,0,583,0,3,0,0,0
广东,深圳,2021-11-13,588,0,583,0,3,0,0,0
广东,深圳,2021-11-12,588,0,583,0,3,0,0,0
广东,深圳,2021-11-11,588,1,583,0,3,0,0,0
广东,深圳,2021-11-10,587,0,583,3,3,0,0,0
广东,深圳,2021-11-09,587,0,580,0,3,0,0,0
广东,深圳,2021-11-08,587,0,580,0,3,0,0,0
广东,深圳,2021-11-07,587,0,580,0,3,0,0,0
广东,深圳,2021-11-06,587,0,580,1,3,0,0,0
广东,深圳,2021-11-05,587,0,579,0,3,0,0,0
广东,深圳,2021-11-04,587,0,579,0,3,0,0,0
广东,深圳,2021-11-03,587,0,579,0,3,0,0,0
广东,深圳,2021-11-02,587,0,579,0,3,0,0,0
广东,深圳,2021-11-01,587,0,579,0,3,0,0,0
广东,深圳,2021-10-31,587,0,579,0,3,0,0,0
广东,深圳,2021-10-30,587,1,579,0,3,0,0,0
广东,深圳,2021-10-29,586,0,579,0,3,0,0,0
广东,深圳,2021-10-28,586,0,579,0,3,0,0,0
广东,深圳,2021-10-27,586,0,579,0,3,0,0,0
广东,深圳,2021-10-26,586,0,579,0,3,0,0,0
广东,深圳,2021-10-25,586,2,579,0,3,0,0,0
广东,深圳,2021-10-24,584,0,579,0,3,0,0,0
广东,深圳,2021-10-23,584,0,579,0,3,0,0,0
广东,深圳,2021-10-22,584,0,579,0,3,0,0,0
广东,深圳,2021-10-21,584,1,579,1,3,0,0,0
广东,深圳,2021-10-20,583,0,578,0,3,0,0,0
广东,深圳,2021-10-19,583,0,578,0,3,0,0,0
广东,深圳,2021-10-18,583,0,578,0,3,0,0,0
广东,深圳,2021-10-17,583,0,578,0,3,0,0,0
广东,深圳,2021-10-16,583,0,578,0,3,0,0,0
广东,深圳,2021-10-15,583,0,578,0,3,0,0,0
广东,深圳,2021-10-14,583,0,578,0,3,0,0,0
广东,深圳,2021-10-13,583,0,578,0,3,0,0,0
广东,深圳,2021-10-12,583,1,578,2,3,0,0,0
广东,深圳,2021-10-11,582,0,576,0,3,0,0,0
广东,深圳,2021-10-10,582,0,576,0,3,0,0,0
广东,深圳,2021-10-09,582,0,576,0,3,0,0,0
广东,深圳,2021-10-08,582,0,576,0,3,0,0,0
广东,深圳,2021-10-07,582,0,576,1,3,0,0,0
广东,深圳,2021-10-06,582,0,575,0,3,0,0,0
广东,深圳,2021-10-05,582,0,575,0,3,0,0,0
广东,深圳,2021-10-04,582,0,575,2,3,0,0,0
广东,深圳,2021-10-03,582,1,573,0,3,0,0,0
广东,深圳,2021-10-02,581,0,573,0,3,0,0,0
广东,深圳,2021-10-01,581,0,573,0,3,0,0,0
广东,深圳,2021-09-30,581,0,573,0,3,0,0,0
广东,深圳,2021-09-29,581,0,573,0,3,0,0,0
广东,深圳,2021-09-28,581,0,573,0,3,0,0,0
广东,深圳,2021-09-27,581,0,573,2,3,0,0,0
广东,深圳,2021-09-26,581,0,571,0,3,0,0,0
广东,深圳,2021-09-25,581,0,571,0,3,0,0,0
广东,深圳,2021-09-24,581,1,571,0,3,0,0,0
广东,深圳,2021-09-23,580,0,571,1,3,0,0,0
广东,深圳,2021-09-22,580,0,570,0,3,0,0,0
广东,深圳,2021-09-21,580,1,570,0,3,0,0,0
广东,深圳,2021-09-20,579,0,570,0,3,0,0,0
广东,深圳,2021-09-19,579,0,570,0,3,0,0,0
广东,深圳,2021-09-18,579,0,570,1,3,0,0,0
广东,深圳,2021-09-17,579,1,569,0,3,0,0,0
广东,深圳,2021-09-16,578,0,569,0,3,0,0,0
广东,深圳,2021-09-15,578,0,569,1,3,0,0,0
广东,深圳,2021-09-14,578,1,568,0,3,0,0,0
广东,深圳,2021-09-13,577,1,568,0,3,0,0,0
广东,深圳,2021-09-12,576,0,568,1,3,0,0,0
广东,深圳,2021-09-11,576,0,567,0,3,0,0,0
广东,深圳,2021-09-10,576,0,567,0,3,0,0,0
广东,深圳,2021-09-09,576,0,567,0,3,0,0,0
广东,深圳,2021-09-08,576,0,567,0,3,0,0,0
广东,深圳,2021-09-07,576,0,567,1,3,0,0,0
广东,深圳,2021-09-06,576,0,566,0,3,0,0,0
广东,深圳,2021-09-05,576,0,566,0,3,0,0,0
广东,深圳,2021-09-04,576,1,566,0,3,0,0,0
广东,深圳,2021-09-03,575,0,566,0,3,0,0,0
广东,深圳,2021-09-02,575,0,566,0,3,0,0,0
广东,深圳,2021-09-01,575,1,566,1,3,0,0,0
广东,深圳,2021-08-31,574,0,565,0,3,0,0,0
广东,深圳,2021-08-30,574,0,565,1,3,0,0,0
广东,深圳,2021-08-29,574,1,564,0,3,0,0,0
广东,深圳,2021-08-28,573,0,564,1,3,0,0,0
广东,深圳,2021-08-27,573,0,563,0,3,0,0,0
广东,深圳,2021-08-26,573,2,563,0,3,0,0,0
广东,深圳,2021-08-25,571,0,563,0,3,0,0,0
广东,深圳,2021-08-24,571,0,563,0,3,0,0,0
广东,深圳,2021-08-23,571,0,563,0,3,0,0,0
广东,深圳,2021-08-22,571,1,563,0,3,0,0,0
广东,深圳,2021-08-21,570,1,563,0,3,0,0,0
广东,深圳,2021-08-20,569,0,563,0,3,0,0,0
广东,深圳,2021-08-19,569,0,563,2,3,0,0,0
广东,深圳,2021-08-18,569,0,561,0,3,0,0,0
广东,深圳,2021-08-17,569,0,561,0,3,0,0,0
广东,深圳,2021-08-16,569,0,561,0,3,0,0,0
广东,深圳,2021-08-15,569,0,561,5,3,0,0,0
广东,深圳,2021-08-14,569,0,556,0,3,0,0,0
广东,深圳,2021-08-13,569,0,556,0,3,0,0,0
广东,深圳,2021-08-12,569,2,556,0,3,0,0,0
广东,深圳,2021-08-11,567,1,556,0,3,0,0,0
广东,深圳,2021-08-10,566,0,556,0,3,0,0,0
广东,深圳,2021-08-09,566,0,556,1,3,0,0,0
广东,深圳,2021-08-08,566,2,555,0,3,0,0,0
广东,深圳,2021-08-07,564,0,555,0,3,0,0,0
广东,深圳,2021-08-06,564,0,555,1,3,0,0,0
广东,深圳,2021-08-05,564,1,554,0,3,0,0,0
广东,深圳,2021-08-04,563,0,554,1,3,0,0,0
广东,深圳,2021-08-03,563,0,553,0,3,0,0,0
广东,深圳,2021-08-02,563,0,553,0,3,0,0,0
广东,深圳,2021-08-01,563,0,553,0,3,0,0,0
广东,深圳,2021-07-31,563,1,553,0,3,0,0,0
广东,深圳,2021-07-30,562,0,553,1,3,0,0,0
广东,深圳,2021-07-29,562,0,552,0,3,0,0,0
广东,深圳,2021-07-28,562,0,552,0,3,0,0,0
广东,深圳,2021-07-27,562,0,552,0,3,0,0,0
广东,深圳,2021-07-26,562,2,552,1,3,0,0,0
广东,深圳,2021-07-25,560,0,551,0,3,0,0,0
广东,深圳,2021-07-24,560,0,551,0,3,0,0,0
广东,深圳,2021-07-23,560,0,551,0,3,0,0,0
广东,深圳,2021-07-22,560,1,551,0,3,0,0,0
广东,深圳,2021-07-21,559,1,551,0,3,0,0,0
广东,深圳,2021-07-20,558,0,551,1,3,0,0,0
广东,深圳,2021-07-19,558,1,550,1,3,0,0,0
广东,深圳,2021-07-18,557,3,549,5,3,0,0,0
广东,深圳,2021-07-17,554,0,544,0,3,0,0,0
广东,深圳,2021-07-16,554,0,544,0,3,0,0,0
广东,深圳,2021-07-15,554,0,544,0,3,0,0,0
广东,深圳,2021-07-14,554,0,544,2,3,0,0,0
广东,深圳,2021-07-13,554,0,542,6,3,0,0,0
广东,深圳,2021-07-12,554,0,536,0,3,0,0,0
广东,深圳,2021-07-11,554,0,536,0,3,0,0,0
广东,深圳,2021-07-10,554,0,536,3,3,0,0,0
广东,深圳,2021-07-09,554,0,533,0,3,0,0,0
广东,深圳,2021-07-08,554,0,533,2,3,0,0,0
广东,深圳,2021-07-07,554,0,531,8,3,0,0,0
广东,深圳,2021-07-06,554,0,523,4,3,0,0,0
广东,深圳,2021-07-05,554,0,519,3,3,0,0,0
广东,深圳,2021-07-04,554,0,516,1,3,0,0,0
广东,深圳,2021-07-03,554,0,515,1,3,0,0,0
广东,深圳,2021-07-02,554,0,514,7,3,0,0,0
广东,深圳,2021-07-01,554,0,507,0,3,0,0,0
广东,深圳,2021-06-30,554,0,507,0,3,0,0,0
广东,深圳,2021-06-29,554,0,507,0,3,0,0,0
广东,深圳,2021-06-28,554,1,507,0,3,0,0,0
广东,深圳,2021-06-27,553,0,507,2,3,0,0,0
广东,深圳,2021-06-26,553,0,505,1,3,0,0,0
广东,深圳,2021-06-25,553,1,504,0,3,0,0,0
广东,深圳,2021-06-24,552,1,504,0,3,0,0,0
广东,深圳,2021-06-23,551,0,504,0,3,0,0,0
广东,深圳,2021-06-22,551,0,504,1,3,0,0,0
广东,深圳,2021-06-21,551,2,503,0,3,0,0,0
广东,深圳,2021-06-20,549,2,503,0,3,0,0,0
广东,深圳,2021-06-19,547,7,503,1,3,0,0,0
广东,深圳,2021-06-18,540,3,502,0,3,0,0,0
广东,深圳,2021-06-17,537,4,502,0,3,0,0,0
广东,深圳,2021-06-16,533,3,502,0,3,0,0,0
广东,深圳,2021-06-15,530,13,502,1,3,0,0,0
广东,深圳,2021-06-14,517,4,501,0,3,0,0,0
广东,深圳,2021-06-13,513,1,501,0,3,0,0,0
广东,深圳,2021-06-12,512,0,501,0,3,0,0,0
广东,深圳,2021-06-11,512,1,501,0,3,0,0,0
广东,深圳,2021-06-10,511,0,501,0,3,0,0,0
广东,深圳,2021-06-09,511,0,501,0,3,0,0,0
广东,深圳,2021-06-08,511,0,501,0,3,0,0,0
广东,深圳,2021-06-07,511,3,501,0,3,0,0,0
广东,深圳,2021-06-06,508,1,501,0,3,0,0,0
广东,深圳,2021-06-05,507,1,501,0,3,0,0,0
广东,深圳,2021-06-04,506,0,501,0,3,0,0,0
广东,深圳,2021-06-03,506,0,501,0,3,0,0,0
广东,深圳,2021-06-02,506,0,501,0,3,0,0,0
广东,深圳,2021-06-01,506,0,501,0,3,0,0,0
广东,深圳,2021-05-31,506,0,501,0,3,0,0,0
广东,深圳,2021-05-30,506,0,501,0,3,0,0,0
广东,深圳,2021-05-29,506,0,501,0,3,0,0,0
广东,深圳,2021-05-28,506,0,501,0,3,0,0,0
广东,深圳,2021-05-27,506,0,501,0,3,0,0,0
广东,深圳,2021-05-26,506,0,501,0,3,0,0,0
广东,深圳,2021-05-25,506,0,501,0,3,0,0,0
广东,深圳,2021-05-24,506,0,501,0,3,0,0,0
广东,深圳,2021-05-23,506,0,501,1,3,0,0,0
广东,深圳,2021-05-22,506,0,500,0,3,0,0,0
广东,深圳,2021-05-21,506,2,500,0,3,0,0,0
广东,深圳,2021-05-20,504,0,500,0,3,0,0,0
广东,深圳,2021-05-19,504,0,500,1,3,0,0,0
广东,深圳,2021-05-18,504,0,499,0,3,0,0,0
广东,深圳,2021-05-17,504,0,499,0,3,0,0,0
广东,深圳,2021-05-16,504,0,499,0,3,0,0,0
广东,深圳,2021-05-15,504,0,499,0,3,0,0,0
广东,深圳,2021-05-14,504,0,499,0,3,0,0,0
广东,深圳,2021-05-13,504,0,499,0,3,0,0,0
广东,深圳,2021-05-12,504,0,499,0,3,0,0,0
广东,深圳,2021-05-11,504,0,499,0,3,0,0,0
广东,深圳,2021-05-10,504,0,499,0,3,0,0,0
广东,深圳,2021-05-09,504,0,499,0,3,0,0,0
广东,深圳,2021-05-08,504,0,499,0,3,0,0,0
广东,深圳,2021-05-07,504,0,499,0,3,0,0,0
广东,深圳,2021-05-06,504,0,499,1,3,0,0,0
广东,深圳,2021-05-05,504,0,498,0,3,0,0,0
广东,深圳,2021-05-04,504,0,498,0,3,0,0,0
广东,深圳,2021-05-03,504,0,498,0,3,0,0,0
广东,深圳,2021-05-02,504,0,498,0,3,0,0,0
广东,深圳,2021-05-01,504,0,498,0,3,0,0,0
广东,深圳,2021-04-30,504,0,498,0,3,0,0,0
广东,深圳,2021-04-29,504,0,498,0,3,0,0,0
广东,深圳,2021-04-28,504,0,498,0,3,0,0,0
广东,深圳,2021-04-27,504,0,498,0,3,0,0,0
广东,深圳,2021-04-26,504,0,498,1,3,0,0,0
广东,深圳,2021-04-25,504,0,497,0,3,0,0,0
广东,深圳,2021-04-24,504,0,497,0,3,0,0,0
广东,深圳,2021-04-23,504,1,497,0,3,0,0,0
广东,深圳,2021-04-22,503,1,497,0,3,0,0,0
广东,深圳,2021-04-21,502,0,497,1,3,0,0,0
广东,深圳,2021-04-20,502,0,496,0,3,0,0,0
广东,深圳,2021-04-19,502,0,496,0,3,0,0,0
广东,深圳,2021-04-18,502,0,496,0,3,0,0,0
广东,深圳,2021-04-17,502,0,496,0,3,0,0,0
广东,深圳,2021-04-16,502,0,496,3,3,0,0,0
广东,深圳,2021-04-15,502,0,493,0,3,0,0,0
广东,深圳,2021-04-14,502,0,493,0,3,0,0,0
广东,深圳,2021-04-13,502,0,493,0,3,0,0,0
广东,深圳,2021-04-12,502,0,493,0,3,0,0,0
广东,深圳,2021-04-11,502,0,493,0,3,0,0,0
广东,深圳,2021-04-10,502,0,493,0,3,0,0,0
广东,深圳,2021-04-09,502,0,493,0,3,0,0,0
广东,深圳,2021-04-08,502,0,493,0,3,0,0,0
广东,深圳,2021-04-07,502,0,493,0,3,0,0,0
广东,深圳,2021-04-06,502,0,493,0,3,0,0,0
广东,深圳,2021-04-05,502,0,493,0,3,0,0,0
广东,深圳,2021-04-04,502,0,493,1,3,0,0,0
广东,深圳,2021-04-03,502,0,492,0,3,0,0,0
广东,深圳,2021-04-02,502,1,492,0,3,0,0,0
广东,深圳,2021-04-01,501,0,492,0,3,0,0,0
广东,深圳,2021-03-31,501,0,492,0,3,0,0,0
广东,深圳,2021-03-30,501,0,492,0,3,0,0,0
广东,深圳,2021-03-29,501,0,492,0,3,0,0,0
广东,深圳,2021-03-28,501,0,492,0,3,0,0,0
广东,深圳,2021-03-27,501,0,492,0,3,0,0,0
广东,深圳,2021-03-26,501,0,492,2,3,0,0,0
广东,深圳,2021-03-25,501,1,490,0,3,0,0,0
广东,深圳,2021-03-24,500,0,490,0,3,0,0,0
广东,深圳,2021-03-23,500,0,490,0,3,0,0,0
广东,深圳,2021-03-22,500,0,490,0,3,0,0,0
广东,深圳,2021-03-21,500,0,490,0,3,0,0,0
广东,深圳,2021-03-20,500,0,490,0,3,0,0,0
广东,深圳,2021-03-19,500,0,490,0,3,0,0,0
广东,深圳,2021-03-18,500,0,490,0,3,0,0,0
广东,深圳,2021-03-17,500,0,490,0,3,0,0,0
广东,深圳,2021-03-16,500,0,490,0,3,0,0,0
广东,深圳,2021-03-15,500,0,490,0,3,0,0,0
广东,深圳,2021-03-14,500,0,490,0,3,0,0,0
广东,深圳,2021-03-13,500,1,490,0,3,0,0,0
广东,深圳,2021-03-12,499,0,490,0,3,0,0,0
广东,深圳,2021-03-11,499,0,490,1,3,0,0,0
广东,深圳,2021-03-10,499,0,489,0,3,0,0,0
广东,深圳,2021-03-09,499,0,489,1,3,0,0,0
广东,深圳,2021-03-08,499,0,488,1,3,0,0,0
广东,深圳,2021-03-07,499,2,487,0,3,0,0,0
广东,深圳,2021-03-06,497,0,487,0,3,0,0,0
广东,深圳,2021-03-05,497,1,487,0,3,0,0,0
广东,深圳,2021-03-04,496,0,487,0,3,0,0,0
广东,深圳,2021-03-03,496,0,487,0,3,0,0,0
广东,深圳,2021-03-02,496,0,487,0,3,0,0,0
广东,深圳,2021-03-01,496,1,487,0,3,0,0,0
广东,深圳,2021-02-28,495,1,487,0,3,0,0,0
广东,深圳,2021-02-27,494,0,487,0,3,0,0,0
广东,深圳,2021-02-26,494,1,487,0,3,0,0,0
广东,深圳,2021-02-25,493,0,487,0,3,0,0,0
广东,深圳,2021-02-24,493,0,487,0,3,0,0,0
广东,深圳,2021-02-23,493,0,487,0,3,0,0,0
广东,深圳,2021-02-22,493,0,487,0,3,0,0,0
广东,深圳,2021-02-21,493,0,487,0,3,0,0,0
广东,深圳,2021-02-20,493,0,487,0,3,0,0,0
广东,深圳,2021-02-19,493,1,487,0,3,0,0,0
广东,深圳,2021-02-18,492,0,487,2,3,0,0,0
广东,深圳,2021-02-17,492,0,485,0,3,0,0,0
广东,深圳,2021-02-16,492,0,485,1,3,0,0,0
广东,深圳,2021-02-15,492,0,484,0,3,0,0,0
广东,深圳,2021-02-14,492,1,484,0,3,0,0,0
广东,深圳,2021-02-13,491,0,484,0,3,0,0,0
广东,深圳,2021-02-12,491,2,484,0,3,0,0,0
广东,深圳,2021-02-11,489,1,484,0,3,0,0,0
广东,深圳,2021-02-10,488,0,484,1,3,0,0,0
广东,深圳,2021-02-09,488,0,483,0,3,0,0,0
广东,深圳,2021-02-08,488,0,483,0,3,0,0,0
广东,深圳,2021-02-07,488,0,483,0,3,0,0,0
广东,深圳,2021-02-06,488,0,483,0,3,0,0,0
广东,深圳,2021-02-05,488,0,483,0,3,0,0,0
广东,深圳,2021-02-04,488,0,483,0,3,0,0,0
广东,深圳,2021-02-03,488,0,483,0,3,0,0,0
广东,深圳,2021-02-02,488,0,483,0,3,0,0,0
广东,深圳,2021-02-01,488,0,483,0,3,0,0,0
广东,深圳,2021-01-31,488,0,483,0,3,0,0,0
广东,深圳,2021-01-30,488,1,483,1,3,0,0,0
广东,深圳,2021-01-29,487,0,482,0,3,0,0,0
广东,深圳,2021-01-28,487,0,482,0,3,0,0,0
广东,深圳,2021-01-27,487,0,482,0,3,0,0,0
广东,深圳,2021-01-26,487,0,482,0,3,0,0,0
广东,深圳,2021-01-25,487,0,482,0,3,0,0,0
广东,深圳,2021-01-24,487,0,482,0,3,0,0,0
广东,深圳,2021-01-23,487,2,482,0,3,0,0,0
广东,深圳,2021-01-22,485,0,482,4,3,0,0,0
广东,深圳,2021-01-21,485,0,478,1,3,0,0,0
广东,深圳,2021-01-20,485,0,477,0,3,0,0,0
广东,深圳,2021-01-19,485,0,477,1,3,0,0,0
广东,深圳,2021-01-18,485,0,476,0,3,0,0,0
广东,深圳,2021-01-17,485,0,476,0,3,0,0,0
广东,深圳,2021-01-16,485,0,476,0,3,0,0,0
广东,深圳,2021-01-15,485,0,476,0,3,0,0,0
广东,深圳,2021-01-14,485,0,476,0,3,0,0,0
广东,深圳,2021-01-13,485,0,476,0,3,0,0,0
广东,深圳,2021-01-12,485,1,476,3,3,0,0,0
广东,深圳,2021-01-11,484,0,473,0,3,0,0,0
广东,深圳,2021-01-10,484,0,473,0,3,0,0,0
广东,深圳,2021-01-09,484,0,473,0,3,0,0,0
广东,深圳,2021-01-08,484,0,473,0,3,0,0,0
广东,深圳,2021-01-07,484,0,473,0,3,0,0,0
广东,深圳,2021-01-06,484,0,473,0,3,0,0,0
广东,深圳,2021-01-05,484,1,473,0,3,0,0,0
广东,深圳,2021-01-04,483,0,473,0,3,0,0,0
广东,深圳,2021-01-03,483,0,473,0,3,0,0,0
广东,深圳,2021-01-02,483,0,473,0,3,0,0,0
广东,深圳,2021-01-01,483,1,473,0,3,0,0,0
广东,深圳,2020-12-31,482,3,473,3,3,0,0,0
广东,深圳,2020-12-30,479,0,470,0,3,0,0,0
广东,深圳,2020-12-29,479,0,470,0,3,0,0,0
广东,深圳,2020-12-28,479,0,470,0,3,0,0,0
广东,深圳,2020-12-27,479,0,470,0,3,0,0,0
广东,深圳,2020-12-26,479,0,470,0,3,0,0,0
广东,深圳,2020-12-25,479,0,470,0,3,0,0,0
广东,深圳,2020-12-24,479,0,470,0,3,0,0,0
广东,深圳,2020-12-23,479,0,470,0,3,0,0,0
广东,深圳,2020-12-22,479,1,470,2,3,0,0,0
广东,深圳,2020-12-21,478,0,468,0,3,0,0,0
广东,深圳,2020-12-20,478,0,468,0,3,0,0,0
广东,深圳,2020-12-19,478,0,468,0,3,0,0,0
广东,深圳,2020-12-18,478,0,468,0,3,0,0,0
广东,深圳,2020-12-17,478,2,468,0,3,0,0,0
广东,深圳,2020-12-16,476,0,468,0,3,0,0,0
广东,深圳,2020-12-15,476,0,468,0,3,0,0,0
广东,深圳,2020-12-14,476,0,468,0,3,0,0,0
广东,深圳,2020-12-13,476,0,468,0,3,0,0,0
广东,深圳,2020-12-12,476,1,468,0,3,0,0,0
广东,深圳,2020-12-11,475,0,468,0,3,0,0,0
广东,深圳,2020-12-10,475,0,468,0,3,0,0,0
广东,深圳,2020-12-09,475,0,468,0,3,0,0,0
广东,深圳,2020-12-08,475,0,468,0,3,0,0,0
广东,深圳,2020-12-07,475,1,468,0,3,0,0,0
广东,深圳,2020-12-06,474,1,468,0,3,0,0,0
广东,深圳,2020-12-05,473,0,468,0,3,0,0,0
广东,深圳,2020-12-04,473,0,468,0,3,0,0,0
广东,深圳,2020-12-03,473,1,468,0,3,0,0,0
广东,深圳,2020-12-02,472,0,468,0,3,0,0,0
广东,深圳,2020-12-01,472,1,468,0,3,0,0,0
广东,深圳,2020-11-30,471,0,468,0,3,0,0,0
广东,深圳,2020-11-29,471,0,468,0,3,0,0,0
广东,深圳,2020-11-28,471,0,468,0,3,0,0,0
广东,深圳,2020-11-27,471,0,468,0,3,0,0,0
广东,深圳,2020-11-26,471,0,468,0,3,0,0,0
广东,深圳,2020-11-25,471,0,468,0,3,0,0,0
广东,深圳,2020-11-24,471,0,468,0,3,0,0,0
广东,深圳,2020-11-23,471,0,468,0,3,0,0,0
广东,深圳,2020-11-22,471,0,468,0,3,0,0,0
广东,深圳,2020-11-21,471,0,468,0,3,0,0,0
广东,深圳,2020-11-20,471,0,468,0,3,0,0,0
广东,深圳,2020-11-19,471,0,468,0,3,0,0,0
广东,深圳,2020-11-18,471,0,468,0,3,0,0,0
广东,深圳,2020-11-17,471,0,468,0,3,0,0,0
广东,深圳,2020-11-16,471,0,468,0,3,0,0,0
广东,深圳,2020-11-15,471,0,468,0,3,0,0,0
广东,深圳,2020-11-14,471,0,468,0,3,0,0,0
广东,深圳,2020-11-13,471,0,468,0,3,0,0,0
广东,深圳,2020-11-12,471,0,468,0,3,0,0,0
广东,深圳,2020-11-11,471,0,468,0,3,0,0,0
广东,深圳,2020-11-10,471,0,468,0,3,0,0,0
广东,深圳,2020-11-09,471,0,468,0,3,0,0,0
广东,深圳,2020-11-08,471,0,468,0,3,0,0,0
广东,深圳,2020-11-07,471,0,468,0,3,0,0,0
广东,深圳,2020-11-06,471,0,468,0,3,0,0,0
广东,深圳,2020-11-05,471,0,468,0,3,0,0,0
广东,深圳,2020-11-04,471,0,468,0,3,0,0,0
广东,深圳,2020-11-03,471,0,468,0,3,0,0,0
广东,深圳,2020-11-02,471,0,468,0,3,0,0,0
广东,深圳,2020-11-01,471,0,468,0,3,0,0,0
广东,深圳,2020-10-31,471,0,468,0,3,0,0,0
广东,深圳,2020-10-30,471,0,468,0,3,0,0,0
广东,深圳,2020-10-29,471,0,468,0,3,0,0,0
广东,深圳,2020-10-28,471,0,468,0,3,0,0,0
广东,深圳,2020-10-27,471,0,468,0,3,0,0,0
广东,深圳,2020-10-26,471,0,468,0,3,0,0,0
广东,深圳,2020-10-25,471,0,468,0,3,0,0,0
广东,深圳,2020-10-24,471,0,468,0,3,0,0,0
广东,深圳,2020-10-23,471,0,468,0,3,0,0,0
广东,深圳,2020-10-22,471,0,468,0,3,0,0,0
广东,深圳,2020-10-21,471,0,468,0,3,0,0,0
广东,深圳,2020-10-20,471,0,468,0,3,0,0,0
广东,深圳,2020-10-19,471,0,468,0,3,0,0,0
广东,深圳,2020-10-18,471,0,468,0,3,0,0,0
广东,深圳,2020-10-17,471,0,468,0,3,0,0,0
广东,深圳,2020-10-16,471,0,468,0,3,0,0,0
广东,深圳,2020-10-15,471,0,468,0,3,0,0,0
广东,深圳,2020-10-14,471,0,468,0,3,0,0,0
广东,深圳,2020-10-13,471,0,468,0,3,0,0,0
广东,深圳,2020-10-12,471,0,468,0,3,0,0,0
广东,深圳,2020-10-11,471,0,468,3,3,0,0,0
广东,深圳,2020-10-10,471,0,465,0,3,0,0,0
广东,深圳,2020-10-09,471,0,465,0,3,0,0,0
广东,深圳,2020-10-08,471,0,465,0,3,0,0,0
广东,深圳,2020-10-07,471,0,465,0,3,0,0,0
广东,深圳,2020-10-06,471,0,465,0,3,0,0,0
广东,深圳,2020-10-05,471,0,465,0,3,0,0,0
广东,深圳,2020-10-04,471,0,465,0,3,0,0,0
广东,深圳,2020-10-03,471,0,465,0,3,0,0,0
广东,深圳,2020-10-02,471,0,465,0,3,0,0,0
广东,深圳,2020-10-01,471,0,465,0,3,0,0,0
广东,深圳,2020-09-30,471,0,465,0,3,0,0,0
广东,深圳,2020-09-29,471,0,465,0,3,0,0,0
广东,深圳,2020-09-28,471,0,465,0,3,0,0,0
广东,深圳,2020-09-27,471,0,465,0,3,0,0,0
广东,深圳,2020-09-26,471,0,465,0,3,0,0,0
广东,深圳,2020-09-25,471,0,465,0,3,0,0,0
广东,深圳,2020-09-24,471,0,465,0,3,0,0,0
广东,深圳,2020-09-23,471,0,465,0,3,0,0,0
广东,深圳,2020-09-22,471,0,465,0,3,0,0,0
广东,深圳,2020-09-21,471,0,465,0,3,0,0,0
广东,深圳,2020-09-20,471,0,465,0,3,0,0,0
广东,深圳,2020-09-19,471,0,465,0,3,0,0,0
广东,深圳,2020-09-18,471,0,465,1,3,0,0,0
广东,深圳,2020-09-17,471,0,464,0,3,0,0,0
广东,深圳,2020-09-16,471,0,464,0,3,0,0,0
广东,深圳,2020-09-15,471,0,464,0,3,0,0,0
广东,深圳,2020-09-14,471,0,464,0,3,0,0,0
广东,深圳,2020-09-13,471,0,464,0,3,0,0,0
广东,深圳,2020-09-12,471,0,464,0,3,0,0,0
广东,深圳,2020-09-11,471,0,464,5,3,0,0,0
广东,深圳,2020-09-10,471,0,459,0,3,0,0,0
广东,深圳,2020-09-09,471,0,459,0,3,0,0,0
广东,深圳,2020-09-08,471,0,459,0,3,0,0,0
广东,深圳,2020-09-07,471,0,459,0,3,0,0,0
广东,深圳,2020-09-06,471,0,459,0,3,0,0,0
广东,深圳,2020-09-05,471,0,459,0,3,0,0,0
广东,深圳,2020-09-04,471,1,459,0,3,0,0,0
广东,深圳,2020-09-03,470,5,459,0,3,0,0,0
广东,深圳,2020-09-02,465,0,459,0,3,0,0,0
广东,深圳,2020-09-01,465,0,459,0,3,0,0,0
广东,深圳,2020-08-31,465,0,459,0,3,0,0,0
广东,深圳,2020-08-30,465,0,459,0,3,0,0,0
广东,深圳,2020-08-29,465,0,459,0,3,0,0,0
广东,深圳,2020-08-28,465,0,459,0,3,0,0,0
广东,深圳,2020-08-27,465,0,459,0,3,0,0,0
广东,深圳,2020-08-26,465,0,459,0,3,0,0,0
广东,深圳,2020-08-25,465,0,459,0,3,0,0,0
广东,深圳,2020-08-24,465,0,459,0,3,0,0,0
广东,深圳,2020-08-23,465,0,459,0,3,0,0,0
广东,深圳,2020-08-22,465,0,459,0,3,0,0,0
广东,深圳,2020-08-21,465,0,459,0,3,0,0,0
广东,深圳,2020-08-20,465,0,459,0,3,0,0,0
广东,深圳,2020-08-19,465,0,459,0,3,0,0,0
广东,深圳,2020-08-18,465,0,459,0,3,0,0,0
广东,深圳,2020-08-17,465,0,459,0,3,0,0,0
广东,深圳,2020-08-16,465,0,459,0,3,0,0,0
广东,深圳,2020-08-15,465,0,459,0,3,0,0,0
广东,深圳,2020-08-14,465,0,459,0,3,0,0,0
广东,深圳,2020-08-13,465,0,459,0,3,0,0,0
广东,深圳,2020-08-12,465,0,459,0,3,0,0,0
广东,深圳,2020-08-11,465,0,459,0,3,0,0,0
广东,深圳,2020-08-10,465,2,459,0,3,0,0,0
广东,深圳,2020-08-09,463,0,459,0,3,0,0,0
广东,深圳,2020-08-08,463,0,459,0,3,0,0,0
广东,深圳,2020-08-07,463,0,459,0,3,0,0,0
广东,深圳,2020-08-06,463,0,459,0,3,0,0,0
广东,深圳,2020-08-05,463,0,459,0,3,0,0,0
广东,深圳,2020-08-04,463,0,459,0,3,0,0,0
广东,深圳,2020-08-03,463,1,459,0,3,0,0,0
广东,深圳,2020-08-02,462,0,459,0,3,0,0,0
广东,深圳,2020-08-01,462,0,459,0,3,0,0,0
广东,深圳,2020-07-31,462,0,459,0,3,0,0,0
广东,深圳,2020-07-30,462,0,459,0,3,0,0,0
广东,深圳,2020-07-29,462,0,459,0,3,0,0,0
广东,深圳,2020-07-28,462,0,459,0,3,0,0,0
广东,深圳,2020-07-27,462,0,459,0,3,0,0,0
广东,深圳,2020-07-26,462,0,459,0,3,0,0,0
广东,深圳,2020-07-25,462,0,459,0,3,0,0,0
广东,深圳,2020-07-24,462,0,459,0,3,0,0,0
广东,深圳,2020-07-23,462,0,459,0,3,0,0,0
广东,深圳,2020-07-22,462,0,459,0,3,0,0,0
广东,深圳,2020-07-21,462,0,459,0,3,0,0,0
广东,深圳,2020-07-20,462,0,459,0,3,0,0,0
广东,深圳,2020-07-19,462,0,459,0,3,0,0,0
广东,深圳,2020-07-18,462,0,459,0,3,0,0,0
广东,深圳,2020-07-17,462,0,459,0,3,0,0,0
广东,深圳,2020-07-16,462,0,459,0,3,0,0,0
广东,深圳,2020-07-15,462,0,459,0,3,0,0,0
广东,深圳,2020-07-14,462,0,459,0,3,0,0,0
广东,深圳,2020-07-13,462,0,459,0,3,0,0,0
广东,深圳,2020-07-12,462,0,459,0,3,0,0,0
广东,深圳,2020-07-11,462,0,459,0,3,0,0,0
广东,深圳,2020-07-10,462,0,459,0,3,0,0,0
广东,深圳,2020-07-09,462,0,459,0,3,0,0,0
广东,深圳,2020-07-08,462,0,459,0,3,0,0,0
广东,深圳,2020-07-07,462,0,459,0,3,0,0,0
广东,深圳,2020-07-06,462,0,459,0,3,0,0,0
广东,深圳,2020-07-05,462,0,459,0,3,0,0,0
广东,深圳,2020-07-04,462,0,459,0,3,0,0,0
广东,深圳,2020-07-03,462,0,459,0,3,0,0,0
广东,深圳,2020-07-02,462,0,459,0,3,0,0,0
广东,深圳,2020-07-01,462,0,459,0,3,0,0,0
广东,深圳,2020-06-30,462,0,459,0,3,0,0,0
广东,深圳,2020-06-29,462,0,459,0,3,0,0,0
广东,深圳,2020-06-28,462,0,459,0,3,0,0,0
广东,深圳,2020-06-27,462,0,459,0,3,0,0,0
广东,深圳,2020-06-26,462,0,459,0,3,0,0,0
广东,深圳,2020-06-25,462,0,459,0,3,0,0,0
广东,深圳,2020-06-24,462,0,459,0,3,0,0,0
广东,深圳,2020-06-23,462,0,459,0,3,0,0,0
广东,深圳,2020-06-22,462,0,459,0,3,0,0,0
广东,深圳,2020-06-21,462,0,459,0,3,0,0,0
广东,深圳,2020-06-20,462,0,459,0,3,0,0,0
广东,深圳,2020-06-19,462,0,459,0,3,0,0,0
广东,深圳,2020-06-18,462,0,459,0,3,0,0,0
广东,深圳,2020-06-17,462,0,459,0,3,0,0,0
广东,深圳,2020-06-16,462,0,459,0,3,0,0,0
广东,深圳,2020-06-15,462,0,459,0,3,0,0,0
广东,深圳,2020-06-14,462,0,459,0,3,0,0,0
广东,深圳,2020-06-13,462,0,459,0,3,0,0,0
广东,深圳,2020-06-12,462,0,459,0,3,0,0,0
广东,深圳,2020-06-11,462,0,459,0,3,0,0,0
广东,深圳,2020-06-10,462,0,459,0,3,0,0,0
广东,深圳,2020-06-09,462,0,459,0,3,0,0,0
广东,深圳,2020-06-08,462,0,459,0,3,0,0,0
广东,深圳,2020-06-07,462,0,459,0,3,0,0,0
广东,深圳,2020-06-06,462,0,459,0,3,0,0,0
广东,深圳,2020-06-05,462,0,459,0,3,0,0,0
广东,深圳,2020-06-04,462,0,459,0,3,0,0,0
广东,深圳,2020-06-03,462,0,459,0,3,0,0,0
广东,深圳,2020-06-02,462,0,459,0,3,0,0,0
广东,深圳,2020-06-01,462,0,459,0,3,0,0,0
广东,深圳,2020-05-31,462,0,459,0,3,0,0,0
广东,深圳,2020-05-30,462,0,459,0,3,0,0,0
广东,深圳,2020-05-29,462,0,459,0,3,0,0,0
广东,深圳,2020-05-28,462,0,459,0,3,0,0,0
广东,深圳,2020-05-27,462,0,459,0,3,0,0,0
广东,深圳,2020-05-26,462,0,459,0,3,0,0,0
广东,深圳,2020-05-25,462,0,459,0,3,0,0,0
广东,深圳,2020-05-24,462,0,459,0,3,0,0,0
广东,深圳,2020-05-23,462,0,459,0,3,0,0,0
广东,深圳,2020-05-22,462,0,459,0,3,0,0,0
广东,深圳,2020-05-21,462,0,459,1,3,0,0,0
广东,深圳,2020-05-20,462,0,458,0,3,0,0,0
广东,深圳,2020-05-19,462,0,458,0,3,0,0,0
广东,深圳,2020-05-18,462,0,458,0,3,0,0,0
广东,深圳,2020-05-17,462,0,458,0,3,0,0,0
广东,深圳,2020-05-16,462,0,458,0,3,0,0,0
广东,深圳,2020-05-15,462,0,458,0,3,0,0,0
广东,深圳,2020-05-14,462,0,458,0,3,0,0,0
广东,深圳,2020-05-13,462,0,458,0,3,0,0,0
广东,深圳,2020-05-12,462,0,458,0,3,0,0,0
广东,深圳,2020-05-11,462,0,458,0,3,0,0,0
广东,深圳,2020-05-10,462,0,458,0,3,0,0,0
广东,深圳,2020-05-09,462,0,458,0,3,0,0,0
广东,深圳,2020-05-08,462,0,458,0,3,0,0,0
广东,深圳,2020-05-07,462,0,458,0,3,0,0,0
广东,深圳,2020-05-06,462,0,458,0,3,0,0,0
广东,深圳,2020-05-05,462,0,458,1,3,0,0,0
广东,深圳,2020-05-04,462,0,457,1,3,0,0,0
广东,深圳,2020-05-03,462,0,456,1,3,0,0,0
广东,深圳,2020-05-02,462,0,455,0,3,0,0,0
广东,深圳,2020-05-01,462,0,455,0,3,0,0,0
广东,深圳,2020-04-30,462,0,455,1,3,0,0,0
广东,深圳,2020-04-29,462,0,454,3,3,0,0,0
广东,深圳,2020-04-28,462,1,451,4,3,0,0,0
广东,深圳,2020-04-27,461,0,447,1,3,0,0,0
广东,深圳,2020-04-26,461,0,446,0,3,0,0,0
广东,深圳,2020-04-25,461,0,446,0,3,0,0,0
广东,深圳,2020-04-24,461,0,446,1,3,0,0,0
广东,深圳,2020-04-23,461,0,445,5,3,0,0,0
广东,深圳,2020-04-22,461,0,440,1,3,0,0,0
广东,深圳,2020-04-21,461,0,439,6,3,0,0,0
广东,深圳,2020-04-20,461,0,433,1,3,0,0,0
广东,深圳,2020-04-19,461,0,432,1,3,0,0,0
广东,深圳,2020-04-18,461,1,431,2,3,0,0,0
广东,深圳,2020-04-17,460,1,429,0,3,0,0,0
广东,深圳,2020-04-16,459,1,429,0,3,0,0,0
广东,深圳,2020-04-15,458,0,429,2,3,0,0,0
广东,深圳,2020-04-14,458,0,427,3,3,0,0,0
广东,深圳,2020-04-13,458,2,424,1,3,0,0,0
广东,深圳,2020-04-12,456,0,423,0,3,0,0,0
广东,深圳,2020-04-11,456,0,423,0,3,0,0,0
广东,深圳,2020-04-10,456,0,423,0,3,0,0,0
广东,深圳,2020-04-09,456,0,423,1,3,0,0,0
广东,深圳,2020-04-08,456,0,422,1,3,0,0,0
广东,深圳,2020-04-07,456,1,421,1,3,0,0,0
广东,深圳,2020-04-06,455,0,420,0,3,0,0,0
广东,深圳,2020-04-05,455,1,420,1,3,0,0,0
广东,深圳,2020-04-04,454,1,419,0,3,0,0,0
广东,深圳,2020-04-03,453,1,419,0,3,0,0,0
广东,深圳,2020-04-02,452,1,419,0,3,0,0,0
广东,深圳,2020-04-01,451,0,419,3,3,0,0,0
广东,深圳,2020-03-31,451,1,416,0,3,0,0,0
广东,深圳,2020-03-30,450,1,416,0,3,0,0,0
广东,深圳,2020-03-29,449,2,416,0,3,0,0,0
广东,深圳,2020-03-28,447,1,416,0,3,0,0,0
广东,深圳,2020-03-27,446,2,416,0,3,0,0,0
广东,深圳,2020-03-26,444,1,416,1,3,0,0,0
广东,深圳,2020-03-25,443,2,415,1,3,0,0,0
广东,深圳,2020-03-24,441,1,414,0,3,0,0,0
广东,深圳,2020-03-23,440,1,414,1,3,0,0,0
广东,深圳,2020-03-22,439,0,413,2,3,0,0,0
广东,深圳,2020-03-21,439,3,411,1,3,0,0,0
广东,深圳,2020-03-20,436,4,410,1,3,0,0,0
广东,深圳,2020-03-19,432,5,409,2,3,0,0,0
广东,深圳,2020-03-18,427,2,407,4,3,0,0,0
广东,深圳,2020-03-17,425,2,403,2,3,0,0,0
广东,深圳,2020-03-16,423,0,401,0,3,0,0,0
广东,深圳,2020-03-15,423,2,401,2,3,0,0,0
广东,深圳,2020-03-14,421,1,399,3,3,0,0,0
广东,深圳,2020-03-13,420,0,396,1,3,0,0,0
广东,深圳,2020-03-12,420,0,395,3,3,0,0,0
广东,深圳,2020-03-11,420,1,392,5,3,0,0,0
广东,深圳,2020-03-10,419,0,387,6,3,0,0,0
广东,深圳,2020-03-09,419,0,381,8,3,0,0,0
广东,深圳,2020-03-08,419,0,373,5,3,0,0,0
广东,深圳,2020-03-07,419,0,368,7,3,0,0,0
广东,深圳,2020-03-06,419,1,361,3,3,0,0,0
广东,深圳,2020-03-05,418,0,358,8,3,0,0,0
广东,深圳,2020-03-04,418,0,350,9,3,0,0,0
广东,深圳,2020-03-03,418,0,341,9,3,0,0,0
广东,深圳,2020-03-02,418,0,332,12,3,0,0,0
广东,深圳,2020-03-01,418,1,320,12,3,0,0,0
广东,深圳,2020-02-29,417,0,308,9,3,0,0,0
广东,深圳,2020-02-28,417,0,299,18,3,0,0,0
广东,深圳,2020-02-27,417,0,281,10,3,0,0,0
广东,深圳,2020-02-26,417,0,271,9,3,0,0,0
广东,深圳,2020-02-25,417,0,262,13,3,0,0,0
广东,深圳,2020-02-24,417,0,249,12,3,0,0,0
广东,深圳,2020-02-23,417,0,237,11,3,0,0,0
广东,深圳,2020-02-22,417,0,226,4,3,1,0,0
广东,深圳,2020-02-21,417,1,222,23,2,0,0,0
广东,深圳,2020-02-20,416,0,199,17,2,0,0,0
广东,深圳,2020-02-19,416,0,182,19,2,0,0,0
广东,深圳,2020-02-18,416,0,163,11,2,0,0,0
广东,深圳,2020-02-17,416,1,152,21,2,0,0,0
广东,深圳,2020-02-16,415,1,131,16,2,2,0,0
广东,深圳,2020-02-15,414,8,115,11,0,0,0,0
广东,深圳,2020-02-14,406,6,104,10,0,0,0,0
广东,深圳,2020-02-13,400,9,94,13,0,0,0,0
广东,深圳,2020-02-12,391,5,81,15,0,0,0,0
广东,深圳,2020-02-11,386,11,66,10,0,0,0,0
广东,深圳,2020-02-10,375,7,56,10,0,0,0,0
广东,深圳,2020-02-09,368,4,46,7,0,0,0,0
广东,深圳,2020-02-08,364,13,39,8,0,0,0,0
广东,深圳,2020-02-07,351,17,31,9,0,0,0,0
广东,深圳,2020-02-06,334,20,22,6,0,0,0,0
广东,深圳,2020-02-05,314,25,16,3,0,0,0,0
广东,深圳,2020-02-04,289,20,13,3,0,0,0,0
广东,深圳,2020-02-03,269,43,10,5,0,0,0,0
广东,深圳,2020-02-02,226,30,5,0,0,0,0,0
广东,深圳,2020-02-01,196,26,5,1,0,0,0,0
广东,深圳,2020-01-31,170,60,4,0,0,0,0,0
广东,深圳,2020-01-30,110,24,4,0,0,0,0,0
广东,深圳,2020-01-29,86,23,4,0,0,0,0,0
广东,深圳,2020-01-28,63,14,4,0,0,0,0,0
广东,深圳,2020-01-27,49,13,4,2,0,0,0,0
广东,深圳,2020-01-26,36,16,2,0,0,0,0,0
广东,深圳,2020-01-25,20,0,2,0,0,0,0,0
广东,深圳,2020-01-24,20,5,2,0,0,0,0,0
广东,深圳,2020-01-23,15,15,2,2,0,0,0,0
